<?xml version="1.0" encoding="UTF-8"?>
<!DOCTYPE X3D PUBLIC "ISO//Web3D//DTD X3D 4.0//EN" "http://www.web3d.org/specifications/x3d-4.0.dtd">
<X3D profile="Interchange" version="4.0"
     xmlns:xsd="http://www.w3.org/2001/XMLSchema-instance"
     xsd:noNamespaceSchemaLocation="http://www.web3d.org/specifications/x3d-4.0.xsd">
<head>
</head>
<Scene>
	<WorldInfo
		info='"generator: Khronos glTF Blender I/O v1.2.75" "version: 2.0"'
		title="multiple_animated_lights.gltf" />
	<Group>
		<Transform DEF="Ground"
			scale="1.80755496025085 1.80755496025085 1.80755496025085">
			<Shape DEF="Plane">
				<Appearance DEF="Material-003"
					alphaMode="OPAQUE">
					<PhysicalMaterial
						metallic="0"
						baseColor="0.0031236510258168 0.522615194320679 0.800000071525574"
						roughness="0.5" />
				</Appearance>
				<IndexedTriangleSet
					index="0 1 2 0 2 3"
					solid="false">
					<Normal
						vector="0 1 0 0 1 0 0 1 0 0 1 0" />
					<Coordinate
						point="1 0 1 1 0 -1 -1 0 -1 -1 0 1" />
				</IndexedTriangleSet>
			</Shape>
		</Transform>
		<Transform DEF="Rotator">
			<Transform DEF="Cube"
				scale="0.316350907087326 0.316350907087326 0.316350907087326"
				translation="0.00999999977648258 -0.170000001788139 0">
				<Shape DEF="Cube-001">
					<Appearance DEF="Material-002"
						alphaMode="OPAQUE">
						<PhysicalMaterial
							metallic="0"
							baseColor="0.800000071525574 0.00086782401194796 0.0262382794171572"
							roughness="0.5" />
					</Appearance>
					<IndexedTriangleSet
						index="0 1 2 0 2 3 4 5 6 4 6 7 8 9 10 8 10 11 12 13 14 12 14 15 16 17 18 16 18 19 20 21 22 20 22 23"
						solid="false">
						<Color
							color="1 1 1 1 1 1 1 1 1 1 1 1 1 1 1 1 1 1 1 1 1 1 1 1 1 1 1 1 1 1 1 1 1 1 1 1 1 1 1 1 1 1 1 1 1 1 1 1 1 1 1 1 1 1 1 1 1 1 1 1 1 1 1 1 1 1 1 1 1 1 1 1" />
						<Normal
							vector="-1 0 0 -1 0 0 -1 0 0 -1 0 0 0 0 -1 0 0 -1 0 0 -1 0 0 -1 1 0 0 1 0 0 1 0 0 1 0 0 0 0 1 0 0 1 0 0 1 0 0 1 0 -1 0 0 -1 0 0 -1 0 0 -1 0 0 1 0 0 1 0 0 1 0 0 1 0" />
						<Coordinate
							point="-0.516848623752594 1.62807703018188 -3.77760195732117 -0.516848623752594 0.594379425048828 -3.77760195732117 -0.516848623752594 0.594379425048828 -2.74390506744385 -0.516848623752594 1.62807703018188 -2.74390506744385 0.516848623752594 1.62807703018188 -3.77760195732117 0.516848623752594 0.594379425048828 -3.77760195732117 -0.516848623752594 0.594379425048828 -3.77760195732117 -0.516848623752594 1.62807703018188 -3.77760195732117 0.516848623752594 1.62807703018188 -2.74390506744385 0.516848623752594 0.594379425048828 -2.74390506744385 0.516848623752594 0.594379425048828 -3.77760195732117 0.516848623752594 1.62807703018188 -3.77760195732117 -0.516848623752594 1.62807703018188 -2.74390506744385 -0.516848623752594 0.594379425048828 -2.74390506744385 0.516848623752594 0.594379425048828 -2.74390506744385 0.516848623752594 1.62807703018188 -2.74390506744385 -0.516848623752594 0.594379425048828 -2.74390506744385 -0.516848623752594 0.594379425048828 -3.77760195732117 0.516848623752594 0.594379425048828 -3.77760195732117 0.516848623752594 0.594379425048828 -2.74390506744385 0.516848623752594 1.62807703018188 -2.74390506744385 0.516848623752594 1.62807703018188 -3.77760195732117 -0.516848623752594 1.62807703018188 -3.77760195732117 -0.516848623752594 1.62807703018188 -2.74390506744385" />
					</IndexedTriangleSet>
				</Shape>
			</Transform>
			<Transform DEF="Cube-001_1"
				scale="0.316350907087326 0.316350907087326 0.316350907087326"
				rotation="0 1 0 1.570796251297"
				translation="0.0100001199170947 -0.170000001788139 0">
				<Shape DEF="Cube-001_2">
					<Appearance USE="Material-002" />
					<IndexedTriangleSet
						index="0 1 2 0 2 3 4 5 6 4 6 7 8 9 10 8 10 11 12 13 14 12 14 15 16 17 18 16 18 19 20 21 22 20 22 23"
						solid="false">
						<Color
							color="1 1 1 1 1 1 1 1 1 1 1 1 1 1 1 1 1 1 1 1 1 1 1 1 1 1 1 1 1 1 1 1 1 1 1 1 1 1 1 1 1 1 1 1 1 1 1 1 1 1 1 1 1 1 1 1 1 1 1 1 1 1 1 1 1 1 1 1 1 1 1 1" />
						<Normal
							vector="-1 0 0 -1 0 0 -1 0 0 -1 0 0 0 0 -1 0 0 -1 0 0 -1 0 0 -1 1 0 0 1 0 0 1 0 0 1 0 0 0 0 1 0 0 1 0 0 1 0 0 1 0 -1 0 0 -1 0 0 -1 0 0 -1 0 0 1 0 0 1 0 0 1 0 0 1 0" />
						<Coordinate
							point="-0.516848623752594 1.62807703018188 -3.77760195732117 -0.516848623752594 0.594379425048828 -3.77760195732117 -0.516848623752594 0.594379425048828 -2.74390506744385 -0.516848623752594 1.62807703018188 -2.74390506744385 0.516848623752594 1.62807703018188 -3.77760195732117 0.516848623752594 0.594379425048828 -3.77760195732117 -0.516848623752594 0.594379425048828 -3.77760195732117 -0.516848623752594 1.62807703018188 -3.77760195732117 0.516848623752594 1.62807703018188 -2.74390506744385 0.516848623752594 0.594379425048828 -2.74390506744385 0.516848623752594 0.594379425048828 -3.77760195732117 0.516848623752594 1.62807703018188 -3.77760195732117 -0.516848623752594 1.62807703018188 -2.74390506744385 -0.516848623752594 0.594379425048828 -2.74390506744385 0.516848623752594 0.594379425048828 -2.74390506744385 0.516848623752594 1.62807703018188 -2.74390506744385 -0.516848623752594 0.594379425048828 -2.74390506744385 -0.516848623752594 0.594379425048828 -3.77760195732117 0.516848623752594 0.594379425048828 -3.77760195732117 0.516848623752594 0.594379425048828 -2.74390506744385 0.516848623752594 1.62807703018188 -2.74390506744385 0.516848623752594 1.62807703018188 -3.77760195732117 -0.516848623752594 1.62807703018188 -3.77760195732117 -0.516848623752594 1.62807703018188 -2.74390506744385" />
					</IndexedTriangleSet>
				</Shape>
			</Transform>
			<Transform DEF="Cube-002"
				scale="0.316350907087326 0.316350907087326 0.316350907087326"
				rotation="0 1 0 3.14159250259399"
				translation="0.00999999977648258 -0.170000001788139 0">
				<Shape DEF="Cube-001_3">
					<Appearance USE="Material-002" />
					<IndexedTriangleSet
						index="0 1 2 0 2 3 4 5 6 4 6 7 8 9 10 8 10 11 12 13 14 12 14 15 16 17 18 16 18 19 20 21 22 20 22 23"
						solid="false">
						<Color
							color="1 1 1 1 1 1 1 1 1 1 1 1 1 1 1 1 1 1 1 1 1 1 1 1 1 1 1 1 1 1 1 1 1 1 1 1 1 1 1 1 1 1 1 1 1 1 1 1 1 1 1 1 1 1 1 1 1 1 1 1 1 1 1 1 1 1 1 1 1 1 1 1" />
						<Normal
							vector="-1 0 0 -1 0 0 -1 0 0 -1 0 0 0 0 -1 0 0 -1 0 0 -1 0 0 -1 1 0 0 1 0 0 1 0 0 1 0 0 0 0 1 0 0 1 0 0 1 0 0 1 0 -1 0 0 -1 0 0 -1 0 0 -1 0 0 1 0 0 1 0 0 1 0 0 1 0" />
						<Coordinate
							point="-0.516848623752594 1.62807703018188 -3.77760195732117 -0.516848623752594 0.594379425048828 -3.77760195732117 -0.516848623752594 0.594379425048828 -2.74390506744385 -0.516848623752594 1.62807703018188 -2.74390506744385 0.516848623752594 1.62807703018188 -3.77760195732117 0.516848623752594 0.594379425048828 -3.77760195732117 -0.516848623752594 0.594379425048828 -3.77760195732117 -0.516848623752594 1.62807703018188 -3.77760195732117 0.516848623752594 1.62807703018188 -2.74390506744385 0.516848623752594 0.594379425048828 -2.74390506744385 0.516848623752594 0.594379425048828 -3.77760195732117 0.516848623752594 1.62807703018188 -3.77760195732117 -0.516848623752594 1.62807703018188 -2.74390506744385 -0.516848623752594 0.594379425048828 -2.74390506744385 0.516848623752594 0.594379425048828 -2.74390506744385 0.516848623752594 1.62807703018188 -2.74390506744385 -0.516848623752594 0.594379425048828 -2.74390506744385 -0.516848623752594 0.594379425048828 -3.77760195732117 0.516848623752594 0.594379425048828 -3.77760195732117 0.516848623752594 0.594379425048828 -2.74390506744385 0.516848623752594 1.62807703018188 -2.74390506744385 0.516848623752594 1.62807703018188 -3.77760195732117 -0.516848623752594 1.62807703018188 -3.77760195732117 -0.516848623752594 1.62807703018188 -2.74390506744385" />
					</IndexedTriangleSet>
				</Shape>
			</Transform>
			<Transform DEF="Cube-003"
				scale="0.316350907087326 0.316350907087326 0.316350907087326"
				rotation="0 0.999999940395355 0 4.71238899230957"
				translation="0.00999988056719303 -0.170000001788139 0">
				<Shape DEF="Cube-001_4">
					<Appearance USE="Material-002" />
					<IndexedTriangleSet
						index="0 1 2 0 2 3 4 5 6 4 6 7 8 9 10 8 10 11 12 13 14 12 14 15 16 17 18 16 18 19 20 21 22 20 22 23"
						solid="false">
						<Color
							color="1 1 1 1 1 1 1 1 1 1 1 1 1 1 1 1 1 1 1 1 1 1 1 1 1 1 1 1 1 1 1 1 1 1 1 1 1 1 1 1 1 1 1 1 1 1 1 1 1 1 1 1 1 1 1 1 1 1 1 1 1 1 1 1 1 1 1 1 1 1 1 1" />
						<Normal
							vector="-1 0 0 -1 0 0 -1 0 0 -1 0 0 0 0 -1 0 0 -1 0 0 -1 0 0 -1 1 0 0 1 0 0 1 0 0 1 0 0 0 0 1 0 0 1 0 0 1 0 0 1 0 -1 0 0 -1 0 0 -1 0 0 -1 0 0 1 0 0 1 0 0 1 0 0 1 0" />
						<Coordinate
							point="-0.516848623752594 1.62807703018188 -3.77760195732117 -0.516848623752594 0.594379425048828 -3.77760195732117 -0.516848623752594 0.594379425048828 -2.74390506744385 -0.516848623752594 1.62807703018188 -2.74390506744385 0.516848623752594 1.62807703018188 -3.77760195732117 0.516848623752594 0.594379425048828 -3.77760195732117 -0.516848623752594 0.594379425048828 -3.77760195732117 -0.516848623752594 1.62807703018188 -3.77760195732117 0.516848623752594 1.62807703018188 -2.74390506744385 0.516848623752594 0.594379425048828 -2.74390506744385 0.516848623752594 0.594379425048828 -3.77760195732117 0.516848623752594 1.62807703018188 -3.77760195732117 -0.516848623752594 1.62807703018188 -2.74390506744385 -0.516848623752594 0.594379425048828 -2.74390506744385 0.516848623752594 0.594379425048828 -2.74390506744385 0.516848623752594 1.62807703018188 -2.74390506744385 -0.516848623752594 0.594379425048828 -2.74390506744385 -0.516848623752594 0.594379425048828 -3.77760195732117 0.516848623752594 0.594379425048828 -3.77760195732117 0.516848623752594 0.594379425048828 -2.74390506744385 0.516848623752594 1.62807703018188 -2.74390506744385 0.516848623752594 1.62807703018188 -3.77760195732117 -0.516848623752594 1.62807703018188 -3.77760195732117 -0.516848623752594 1.62807703018188 -2.74390506744385" />
					</IndexedTriangleSet>
				</Shape>
			</Transform>
			<Transform DEF="Cube-004"
				scale="0.316350907087326 0.316350907087326 0.316350907087326"
				rotation="0 1.00000023841858 0 0.785398006439209"
				translation="0.010000079870224 -0.170000001788139 0">
				<Shape DEF="Cube-001_5">
					<Appearance USE="Material-002" />
					<IndexedTriangleSet
						index="0 1 2 0 2 3 4 5 6 4 6 7 8 9 10 8 10 11 12 13 14 12 14 15 16 17 18 16 18 19 20 21 22 20 22 23"
						solid="false">
						<Color
							color="1 1 1 1 1 1 1 1 1 1 1 1 1 1 1 1 1 1 1 1 1 1 1 1 1 1 1 1 1 1 1 1 1 1 1 1 1 1 1 1 1 1 1 1 1 1 1 1 1 1 1 1 1 1 1 1 1 1 1 1 1 1 1 1 1 1 1 1 1 1 1 1" />
						<Normal
							vector="-1 0 0 -1 0 0 -1 0 0 -1 0 0 0 0 -1 0 0 -1 0 0 -1 0 0 -1 1 0 0 1 0 0 1 0 0 1 0 0 0 0 1 0 0 1 0 0 1 0 0 1 0 -1 0 0 -1 0 0 -1 0 0 -1 0 0 1 0 0 1 0 0 1 0 0 1 0" />
						<Coordinate
							point="-0.516848623752594 1.62807703018188 -3.77760195732117 -0.516848623752594 0.594379425048828 -3.77760195732117 -0.516848623752594 0.594379425048828 -2.74390506744385 -0.516848623752594 1.62807703018188 -2.74390506744385 0.516848623752594 1.62807703018188 -3.77760195732117 0.516848623752594 0.594379425048828 -3.77760195732117 -0.516848623752594 0.594379425048828 -3.77760195732117 -0.516848623752594 1.62807703018188 -3.77760195732117 0.516848623752594 1.62807703018188 -2.74390506744385 0.516848623752594 0.594379425048828 -2.74390506744385 0.516848623752594 0.594379425048828 -3.77760195732117 0.516848623752594 1.62807703018188 -3.77760195732117 -0.516848623752594 1.62807703018188 -2.74390506744385 -0.516848623752594 0.594379425048828 -2.74390506744385 0.516848623752594 0.594379425048828 -2.74390506744385 0.516848623752594 1.62807703018188 -2.74390506744385 -0.516848623752594 0.594379425048828 -2.74390506744385 -0.516848623752594 0.594379425048828 -3.77760195732117 0.516848623752594 0.594379425048828 -3.77760195732117 0.516848623752594 0.594379425048828 -2.74390506744385 0.516848623752594 1.62807703018188 -2.74390506744385 0.516848623752594 1.62807703018188 -3.77760195732117 -0.516848623752594 1.62807703018188 -3.77760195732117 -0.516848623752594 1.62807703018188 -2.74390506744385" />
					</IndexedTriangleSet>
				</Shape>
			</Transform>
			<Transform DEF="Cube-005"
				scale="0.316350907087326 0.316350907087326 0.316350907087326"
				rotation="0 0.999999940395355 0 2.35619449615479"
				translation="0.010000079870224 -0.170000001788139 0">
				<Shape DEF="Cube-001_6">
					<Appearance USE="Material-002" />
					<IndexedTriangleSet
						index="0 1 2 0 2 3 4 5 6 4 6 7 8 9 10 8 10 11 12 13 14 12 14 15 16 17 18 16 18 19 20 21 22 20 22 23"
						solid="false">
						<Color
							color="1 1 1 1 1 1 1 1 1 1 1 1 1 1 1 1 1 1 1 1 1 1 1 1 1 1 1 1 1 1 1 1 1 1 1 1 1 1 1 1 1 1 1 1 1 1 1 1 1 1 1 1 1 1 1 1 1 1 1 1 1 1 1 1 1 1 1 1 1 1 1 1" />
						<Normal
							vector="-1 0 0 -1 0 0 -1 0 0 -1 0 0 0 0 -1 0 0 -1 0 0 -1 0 0 -1 1 0 0 1 0 0 1 0 0 1 0 0 0 0 1 0 0 1 0 0 1 0 0 1 0 -1 0 0 -1 0 0 -1 0 0 -1 0 0 1 0 0 1 0 0 1 0 0 1 0" />
						<Coordinate
							point="-0.516848623752594 1.62807703018188 -3.77760195732117 -0.516848623752594 0.594379425048828 -3.77760195732117 -0.516848623752594 0.594379425048828 -2.74390506744385 -0.516848623752594 1.62807703018188 -2.74390506744385 0.516848623752594 1.62807703018188 -3.77760195732117 0.516848623752594 0.594379425048828 -3.77760195732117 -0.516848623752594 0.594379425048828 -3.77760195732117 -0.516848623752594 1.62807703018188 -3.77760195732117 0.516848623752594 1.62807703018188 -2.74390506744385 0.516848623752594 0.594379425048828 -2.74390506744385 0.516848623752594 0.594379425048828 -3.77760195732117 0.516848623752594 1.62807703018188 -3.77760195732117 -0.516848623752594 1.62807703018188 -2.74390506744385 -0.516848623752594 0.594379425048828 -2.74390506744385 0.516848623752594 0.594379425048828 -2.74390506744385 0.516848623752594 1.62807703018188 -2.74390506744385 -0.516848623752594 0.594379425048828 -2.74390506744385 -0.516848623752594 0.594379425048828 -3.77760195732117 0.516848623752594 0.594379425048828 -3.77760195732117 0.516848623752594 0.594379425048828 -2.74390506744385 0.516848623752594 1.62807703018188 -2.74390506744385 0.516848623752594 1.62807703018188 -3.77760195732117 -0.516848623752594 1.62807703018188 -3.77760195732117 -0.516848623752594 1.62807703018188 -2.74390506744385" />
					</IndexedTriangleSet>
				</Shape>
			</Transform>
			<Transform DEF="Cube-006"
				scale="0.316350907087326 0.316350907087326 0.316350907087326"
				rotation="0 1 0 3.92699074745178"
				translation="0.00999991409480572 -0.170000001788139 0">
				<Shape DEF="Cube-001_7">
					<Appearance USE="Material-002" />
					<IndexedTriangleSet
						index="0 1 2 0 2 3 4 5 6 4 6 7 8 9 10 8 10 11 12 13 14 12 14 15 16 17 18 16 18 19 20 21 22 20 22 23"
						solid="false">
						<Color
							color="1 1 1 1 1 1 1 1 1 1 1 1 1 1 1 1 1 1 1 1 1 1 1 1 1 1 1 1 1 1 1 1 1 1 1 1 1 1 1 1 1 1 1 1 1 1 1 1 1 1 1 1 1 1 1 1 1 1 1 1 1 1 1 1 1 1 1 1 1 1 1 1" />
						<Normal
							vector="-1 0 0 -1 0 0 -1 0 0 -1 0 0 0 0 -1 0 0 -1 0 0 -1 0 0 -1 1 0 0 1 0 0 1 0 0 1 0 0 0 0 1 0 0 1 0 0 1 0 0 1 0 -1 0 0 -1 0 0 -1 0 0 -1 0 0 1 0 0 1 0 0 1 0 0 1 0" />
						<Coordinate
							point="-0.516848623752594 1.62807703018188 -3.77760195732117 -0.516848623752594 0.594379425048828 -3.77760195732117 -0.516848623752594 0.594379425048828 -2.74390506744385 -0.516848623752594 1.62807703018188 -2.74390506744385 0.516848623752594 1.62807703018188 -3.77760195732117 0.516848623752594 0.594379425048828 -3.77760195732117 -0.516848623752594 0.594379425048828 -3.77760195732117 -0.516848623752594 1.62807703018188 -3.77760195732117 0.516848623752594 1.62807703018188 -2.74390506744385 0.516848623752594 0.594379425048828 -2.74390506744385 0.516848623752594 0.594379425048828 -3.77760195732117 0.516848623752594 1.62807703018188 -3.77760195732117 -0.516848623752594 1.62807703018188 -2.74390506744385 -0.516848623752594 0.594379425048828 -2.74390506744385 0.516848623752594 0.594379425048828 -2.74390506744385 0.516848623752594 1.62807703018188 -2.74390506744385 -0.516848623752594 0.594379425048828 -2.74390506744385 -0.516848623752594 0.594379425048828 -3.77760195732117 0.516848623752594 0.594379425048828 -3.77760195732117 0.516848623752594 0.594379425048828 -2.74390506744385 0.516848623752594 1.62807703018188 -2.74390506744385 0.516848623752594 1.62807703018188 -3.77760195732117 -0.516848623752594 1.62807703018188 -3.77760195732117 -0.516848623752594 1.62807703018188 -2.74390506744385" />
					</IndexedTriangleSet>
				</Shape>
			</Transform>
			<Transform DEF="Cube-007"
				scale="0.316350907087326 0.316350907087326 0.316350907087326"
				rotation="0 1.00000011920929 0 5.49778747558594"
				translation="0.00999991409480572 -0.170000001788139 0">
				<Shape DEF="Cube-001_8">
					<Appearance USE="Material-002" />
					<IndexedTriangleSet
						index="0 1 2 0 2 3 4 5 6 4 6 7 8 9 10 8 10 11 12 13 14 12 14 15 16 17 18 16 18 19 20 21 22 20 22 23"
						solid="false">
						<Color
							color="1 1 1 1 1 1 1 1 1 1 1 1 1 1 1 1 1 1 1 1 1 1 1 1 1 1 1 1 1 1 1 1 1 1 1 1 1 1 1 1 1 1 1 1 1 1 1 1 1 1 1 1 1 1 1 1 1 1 1 1 1 1 1 1 1 1 1 1 1 1 1 1" />
						<Normal
							vector="-1 0 0 -1 0 0 -1 0 0 -1 0 0 0 0 -1 0 0 -1 0 0 -1 0 0 -1 1 0 0 1 0 0 1 0 0 1 0 0 0 0 1 0 0 1 0 0 1 0 0 1 0 -1 0 0 -1 0 0 -1 0 0 -1 0 0 1 0 0 1 0 0 1 0 0 1 0" />
						<Coordinate
							point="-0.516848623752594 1.62807703018188 -3.77760195732117 -0.516848623752594 0.594379425048828 -3.77760195732117 -0.516848623752594 0.594379425048828 -2.74390506744385 -0.516848623752594 1.62807703018188 -2.74390506744385 0.516848623752594 1.62807703018188 -3.77760195732117 0.516848623752594 0.594379425048828 -3.77760195732117 -0.516848623752594 0.594379425048828 -3.77760195732117 -0.516848623752594 1.62807703018188 -3.77760195732117 0.516848623752594 1.62807703018188 -2.74390506744385 0.516848623752594 0.594379425048828 -2.74390506744385 0.516848623752594 0.594379425048828 -3.77760195732117 0.516848623752594 1.62807703018188 -3.77760195732117 -0.516848623752594 1.62807703018188 -2.74390506744385 -0.516848623752594 0.594379425048828 -2.74390506744385 0.516848623752594 0.594379425048828 -2.74390506744385 0.516848623752594 1.62807703018188 -2.74390506744385 -0.516848623752594 0.594379425048828 -2.74390506744385 -0.516848623752594 0.594379425048828 -3.77760195732117 0.516848623752594 0.594379425048828 -3.77760195732117 0.516848623752594 0.594379425048828 -2.74390506744385 0.516848623752594 1.62807703018188 -2.74390506744385 0.516848623752594 1.62807703018188 -3.77760195732117 -0.516848623752594 1.62807703018188 -3.77760195732117 -0.516848623752594 1.62807703018188 -2.74390506744385" />
					</IndexedTriangleSet>
				</Shape>
			</Transform>
			<Transform DEF="Spot-001-Orientation"
				scale="1 1 0.99999988079071"
				rotation="-0.577350318431854 0.577350199222565 -0.577350258827209 2.09439492225647"
				translation="-0.211582094430923 0.0401498191058636 -1.2277979850769">
				<SpotLight DEF="Spot"
					global="true"
					radius="-1"
					beamWidth="0"
					intensity="10" />
			</Transform>
			<Transform DEF="Spot-002-Orientation"
				rotation="0.707106828689575 -0.707106709480286 -8.97180818526522E-9 3.14159274101257"
				translation="-1.21779799461365 0.0401498191058636 0.221582099795341"
				scaleOrientation="0.905678331851959 -0.162244558334351 0.391693025827408 0.857901573181152">
				<SpotLight USE="Spot" />
			</Transform>
			<Transform DEF="Spot-003-Orientation"
				scale="1 0.99999988079071 0.99999988079071"
				rotation="0.577350318431854 -0.577350258827209 -0.577350199222565 2.09439468383789"
				translation="0.213873699307442 0.0401498191058636 -0.861707985401154"
				scaleOrientation="-6.0244794042319E-8 1 -1.71142726657081E-8 0.553573966026306">
				<SpotLight USE="Spot" />
			</Transform>
			<Transform DEF="Spot-004-Orientation"
				scale="1 1 0.99999988079071"
				rotation="-0.577350318431854 0.577350199222565 -0.577350258827209 2.09439492225647"
				translation="-0.211582094430923 0.0401498191058636 -0.865716874599457">
				<SpotLight USE="Spot" />
			</Transform>
			<Transform DEF="Spot-005-Orientation"
				rotation="-1.46798484479405E-7 1.31897365918121E-7 -1 1.57079601287842"
				translation="-0.851708114147186 0.0401498191058636 -0.203873798251152"
				scaleOrientation="-0.90567821264267 -0.162244632840157 -0.391693264245987 0.857901513576508">
				<SpotLight USE="Spot" />
			</Transform>
			<Transform DEF="Spot-006-Orientation"
				scale="1 0.99999988079071 0.99999988079071"
				rotation="0.577350318431854 -0.577350258827209 -0.577350199222565 2.09439468383789"
				translation="0.213873699307442 0.0401498191058636 -1.2277979850769"
				scaleOrientation="-6.0244794042319E-8 1 -1.71142726657081E-8 0.553573966026306">
				<SpotLight USE="Spot" />
			</Transform>
			<Transform DEF="Spot-007-Orientation"
				rotation="0.707106828689575 -0.707106709480286 -8.97180818526522E-9 3.14159274101257"
				translation="-0.8557168841362 0.0401498191058636 0.221581995487213"
				scaleOrientation="0.905678331851959 -0.162244558334351 0.391693025827408 0.857901573181152">
				<SpotLight USE="Spot" />
			</Transform>
			<Transform DEF="Spot-008-Orientation"
				rotation="-1.46798484479405E-7 1.31897365918121E-7 -1 1.57079601287842"
				translation="-1.21779799461365 0.0401498191058636 -0.203873798251152"
				scaleOrientation="-0.90567821264267 -0.162244632840157 -0.391693264245987 0.857901513576508">
				<SpotLight USE="Spot" />
			</Transform>
			<Transform DEF="Spot-009-Orientation"
				scale="1 0.99999988079071 0.99999988079071"
				rotation="0.577350318431854 -0.577350258827209 -0.577350258827209 2.09439492225647"
				translation="0.231581896543503 0.0401498191058636 1.2277979850769"
				scaleOrientation="-6.02447656206095E-8 1 -1.71142708893512E-8 0.55357426404953">
				<SpotLight USE="Spot" />
			</Transform>
			<Transform DEF="Spot-010-Orientation"
				scale="1 1 0.99999988079071"
				rotation="-0.577350378036499 0.577350199222565 -0.577350199222565 2.09439492225647"
				translation="-0.193873897194862 0.0401498191058636 0.861707985401154">
				<SpotLight USE="Spot" />
			</Transform>
			<Transform DEF="Spot-011-Orientation"
				scale="1 0.99999988079071 0.99999988079071"
				rotation="0.577350318431854 -0.577350258827209 -0.577350258827209 2.09439492225647"
				translation="0.231582000851631 0.0401498191058636 0.865716993808746"
				scaleOrientation="-6.02447656206095E-8 1 -1.71142708893512E-8 0.55357426404953">
				<SpotLight USE="Spot" />
			</Transform>
			<Transform DEF="Spot-012-Orientation"
				scale="1 1 0.99999988079071"
				rotation="-0.577350378036499 0.577350199222565 -0.577350199222565 2.09439492225647"
				translation="-0.193873897194862 0.0401498191058636 1.2277979850769">
				<SpotLight USE="Spot" />
			</Transform>
			<Transform DEF="Spot-013-Orientation"
				rotation="1.71142833238491E-8 -1.71142708893512E-8 -1 1.57079613208771"
				translation="1.23779797554016 0.0401498191058636 -0.221581906080246"
				scaleOrientation="-1 -1.467867178917E-7 -3.54374435573845E-7 0.785398185253143">
				<SpotLight USE="Spot" />
			</Transform>
			<Transform DEF="Spot-014-Orientation"
				rotation="0.70710688829422 -0.707106649875641 -5.11186577512035E-8 3.14159250259399"
				translation="0.87170797586441 0.0401498191058636 0.20387390255928"
				scaleOrientation="0.905678272247314 -0.162244632840157 0.391693145036697 0.857901692390442">
				<SpotLight USE="Spot" />
			</Transform>
			<Transform DEF="Spot-015-Orientation"
				rotation="1.71142833238491E-8 -1.71142708893512E-8 -1 1.57079613208771"
				translation="0.875716984272003 0.0401498191058636 -0.221581906080246"
				scaleOrientation="-1 -1.467867178917E-7 -3.54374435573845E-7 0.785398185253143">
				<SpotLight USE="Spot" />
			</Transform>
			<Transform DEF="Spot-016-Orientation"
				rotation="0.70710688829422 -0.707106649875641 -5.11186577512035E-8 3.14159250259399"
				translation="1.23779797554016 0.0401498191058636 0.20387390255928"
				scaleOrientation="0.905678272247314 -0.162244632840157 0.391693145036697 0.857901692390442">
				<SpotLight USE="Spot" />
			</Transform>
			<Transform DEF="Spot-017-Orientation"
				scale="1 1 0.99999988079071"
				rotation="0.678598403930664 -0.678598284721375 0.281084567308426 3.68962097167969"
				translation="-1.01486599445343 0.0401498191058636 -0.711502075195313"
				scaleOrientation="0.508947610855103 0.167933285236359 -0.844257533550262 0.745153963565826">
				<SpotLight USE="Spot" />
			</Transform>
			<Transform DEF="Spot-018-Orientation"
				rotation="0.357406675815582 -0.357406556606293 -0.862856328487396 1.7177711725235"
				translation="-0.455159097909927 0.0401498191058636 -0.753480076789856"
				scaleOrientation="0.972783923149109 -0.227261811494827 -0.0452052094042301 0.403394341468811">
				<SpotLight USE="Spot" />
			</Transform>
			<Transform DEF="Spot-019-Orientation"
				scale="1 1 0.99999988079071"
				rotation="0.678598403930664 -0.678598284721375 0.281084567308426 3.68962097167969"
				translation="-0.758836507797241 0.0401498191058636 -0.455472111701965"
				scaleOrientation="0.508947610855103 0.167933285236359 -0.844257533550262 0.745153963565826">
				<SpotLight USE="Spot" />
			</Transform>
			<Transform DEF="Spot-020-Orientation"
				rotation="0.357406675815582 -0.357406556606293 -0.862856328487396 1.7177711725235"
				translation="-0.71402382850647 0.0401498191058636 -1.01234495639801"
				scaleOrientation="0.972783923149109 -0.227261811494827 -0.0452052094042301 0.403394341468811">
				<SpotLight USE="Spot" />
			</Transform>
			<Transform DEF="Spot-021-Orientation"
				rotation="0.678598463535309 -0.678598284721375 -0.281084567308426 2.59356427192688"
				translation="-0.701502084732056 0.0401498191058636 1.02486598491669"
				scaleOrientation="-0.990462839603424 0.135132551193237 -0.0268795378506184 0.396382629871368">
				<SpotLight USE="Spot" />
			</Transform>
			<Transform DEF="Spot-022-Orientation"
				scale="1 0.99999988079071 0.99999988079071"
				rotation="-0.357406973838806 0.357406824827194 -0.862856090068817 1.71777129173279"
				translation="-0.743480205535889 0.0401498191058636 0.465158998966217"
				scaleOrientation="-0.449763417243958 0.174244433641434 0.875986158847809 0.832797229290009">
				<SpotLight USE="Spot" />
			</Transform>
			<Transform DEF="Spot-023-Orientation"
				rotation="0.678598463535309 -0.678598284721375 -0.281084567308426 2.59356427192688"
				translation="-0.445472210645676 0.0401498191058636 0.768836379051209"
				scaleOrientation="-0.990462839603424 0.135132551193237 -0.0268795378506184 0.396382629871368">
				<SpotLight USE="Spot" />
			</Transform>
			<Transform DEF="Spot-024-Orientation"
				scale="1 0.99999988079071 0.99999988079071"
				rotation="-0.357406973838806 0.357406824827194 -0.862856090068817 1.71777129173279"
				translation="-1.00234496593475 0.0401498191058636 0.724023699760437"
				scaleOrientation="-0.449763417243958 0.174244433641434 0.875986158847809 0.832797229290009">
				<SpotLight USE="Spot" />
			</Transform>
			<Transform DEF="Spot-025-Orientation"
				scale="1 0.99999988079071 0.99999988079071"
				rotation="0.357406735420227 -0.357406675815582 -0.862856268882751 1.71777129173279"
				translation="1.03486597537994 0.0401498191058636 0.711502194404602"
				scaleOrientation="0.728396058082581 0.671991229057312 0.133667379617691 0.533165752887726">
				<SpotLight USE="Spot" />
			</Transform>
			<Transform DEF="Spot-026-Orientation"
				rotation="0.678598463535309 -0.67859822511673 0.281084507703781 3.68962097167969"
				translation="0.475158900022507 0.0401498191058636 0.753480195999146"
				scaleOrientation="0.999768018722534 -0.00420188903808594 0.0211243163794279 0.392787963151932">
				<SpotLight USE="Spot" />
			</Transform>
			<Transform DEF="Spot-027-Orientation"
				scale="1 0.99999988079071 0.99999988079071"
				rotation="0.357406735420227 -0.357406675815582 -0.862856268882751 1.71777129173279"
				translation="0.778836488723755 0.0401498191058636 0.4554722905159"
				scaleOrientation="0.728396058082581 0.671991229057312 0.133667379617691 0.533165752887726">
				<SpotLight USE="Spot" />
			</Transform>
			<Transform DEF="Spot-028-Orientation"
				rotation="0.678598463535309 -0.67859822511673 0.281084507703781 3.68962097167969"
				translation="0.734023571014404 0.0401498191058636 1.01234495639801"
				scaleOrientation="0.999768018722534 -0.00420188903808594 0.0211243163794279 0.392787963151932">
				<SpotLight USE="Spot" />
			</Transform>
			<Transform DEF="Spot-029-Orientation"
				scale="0.99999988079071 1 0.99999988079071"
				rotation="-0.357406944036484 0.357406854629517 -0.862856090068817 1.71777141094208"
				translation="0.721502184867859 0.0401498191058636 -1.02486598491669"
				scaleOrientation="-0.499989479780197 -0.1689542979002 -0.849390923976898 0.75727367401123">
				<SpotLight USE="Spot" />
			</Transform>
			<Transform DEF="Spot-030-Orientation"
				scale="1 0.99999988079071 0.99999988079071"
				rotation="0.678598463535309 -0.67859822511673 -0.281084597110748 2.59356427192688"
				translation="0.763480186462402 0.0401498191058636 -0.46515890955925"
				scaleOrientation="-0.686538219451904 0.713122844696045 -0.14184895157814 0.564021170139313">
				<SpotLight USE="Spot" />
			</Transform>
			<Transform DEF="Spot-031-Orientation"
				scale="0.99999988079071 1 0.99999988079071"
				rotation="-0.357406944036484 0.357406854629517 -0.862856090068817 1.71777141094208"
				translation="0.465472310781479 0.0401498191058636 -0.768836379051209"
				scaleOrientation="-0.499989479780197 -0.1689542979002 -0.849390923976898 0.75727367401123">
				<SpotLight USE="Spot" />
			</Transform>
			<Transform DEF="Spot-032-Orientation"
				scale="1 0.99999988079071 0.99999988079071"
				rotation="0.678598463535309 -0.67859822511673 -0.281084597110748 2.59356427192688"
				translation="1.02234494686127 0.0401498191058636 -0.724023580551147"
				scaleOrientation="-0.686538219451904 0.713122844696045 -0.14184895157814 0.564021170139313">
				<SpotLight USE="Spot" />
			</Transform>
			<Transform DEF="Suzanne"
				scale="0.486531585454941 0.486531585454941 0.486531585454941"
				translation="0.00999999977648258 0.578555881977081 0">
				<Shape DEF="Suzanne_1">
					<Appearance DEF="Material-001"
						alphaMode="OPAQUE">
						<PhysicalMaterial
							metallic="0"
							baseColor="0.800000071525574 0.626909673213959 0.0541904084384441"
							roughness="0.5" />
					</Appearance>
					<IndexedTriangleSet
						index="0 1 2 3 0 2 4 5 6 4 6 7 1 8 9 2 1 9 10 11 5 10 5 4 12 13 8 1 12 8 11 14 15 11 15 5 16 12 1 16 1 0 5 15 17 6 5 17 18 12 16 19 18 16 17 15 20 17 20 21 22 13 12 22 12 18 15 14 23 20 15 23 24 22 18 24 18 25 20 23 26 27 20 26 25 18 19 25 19 28 21 20 27 29 21 27 30 25 28 30 28 31 29 27 32 33 29 32 34 24 25 34 25 30 27 26 35 32 27 35 34 30 36 37 34 36 38 32 35 38 35 39 30 31 40 30 40 36 41 33 32 38 41 32 40 42 43 36 40 43 44 45 41 44 41 38 36 43 46 36 46 37 47 44 38 39 47 38 43 2 9 43 9 46 10 4 44 47 10 44 3 2 43 42 3 43 44 4 7 44 7 45 48 3 42 49 48 42 45 7 50 45 50 51 49 42 40 52 49 40 41 45 51 41 51 53 40 31 54 40 54 52 55 33 41 53 55 41 28 56 54 31 28 54 55 57 29 55 29 33 19 58 56 28 19 56 57 59 21 57 21 29 16 60 58 19 16 58 59 61 17 59 17 21 62 60 16 62 16 0 17 61 63 6 17 63 48 62 0 48 0 3 6 63 50 7 6 50 64 62 48 50 63 65 60 62 64 65 63 61 64 58 60 61 59 65 64 56 58 59 57 65 64 54 56 57 55 65 64 52 54 55 53 65 64 49 52 53 51 65 64 48 49 51 50 65 66 67 68 66 68 69 70 67 66 71 70 66 69 68 72 69 72 73 74 70 71 75 74 71 73 72 76 77 73 76 78 74 75 78 75 79 77 76 80 81 77 80 82 78 79 82 79 83 84 81 80 84 80 85 82 83 86 87 82 86 88 89 90 88 90 91 92 93 94 95 92 94 91 90 96 97 91 96 98 92 95 98 95 99 97 96 100 101 97 100 102 98 99 102 99 103 101 100 104 105 101 104 106 102 103 106 103 107 108 105 104 109 108 104 106 107 110 106 110 111 112 108 109 112 109 113 111 110 114 115 111 114 116 112 113 116 113 117 115 114 118 119 115 118 120 121 116 120 116 117 118 122 123 119 118 123 124 125 121 120 124 121 122 126 127 122 127 123 128 129 125 124 128 125 126 129 128 127 126 128 125 130 131 121 125 131 132 133 126 132 126 122 121 131 134 121 134 116 135 132 122 118 135 122 134 136 112 116 134 112 114 137 135 114 135 118 136 138 108 136 108 112 110 139 137 114 110 137 138 140 105 108 138 105 107 141 139 110 107 139 140 142 101 140 101 105 103 143 141 107 103 141 144 97 101 142 144 101 103 99 145 103 145 143 146 91 97 144 146 97 99 95 147 99 147 145 148 88 91 148 91 146 95 94 149 147 95 149 150 88 148 151 150 148 149 94 150 149 150 152 129 153 130 125 129 130 133 154 129 133 129 126 129 155 156 129 156 153 157 155 129 154 157 129 155 150 151 155 151 156 152 150 155 157 152 155 158 66 69 158 69 159 71 66 158 160 71 158 159 69 73 159 73 161 75 71 160 162 75 160 161 73 77 163 161 77 79 75 162 79 162 164 165 81 84 166 165 84 86 83 167 86 167 168 163 77 81 165 163 81 83 79 164 83 164 167 169 170 166 169 166 171 168 170 169 172 168 169 173 165 166 170 173 166 168 167 173 168 173 170 173 174 163 173 163 165 164 174 173 167 164 173 175 171 176 177 175 176 178 172 179 178 179 180 177 176 181 182 177 181 183 178 180 183 180 184 182 181 185 182 185 186 185 183 184 187 185 184 185 188 189 185 189 186 189 188 185 187 189 185 190 169 171 175 190 171 172 169 190 172 190 179 191 190 175 192 191 175 179 190 191 179 191 193 189 194 195 186 189 195 196 194 189 196 189 187 195 197 182 186 195 182 184 198 196 184 196 187 197 199 177 197 177 182 180 200 198 184 180 198 192 175 177 199 192 177 180 179 193 180 193 200 194 199 197 195 194 197 198 200 194 198 194 196 194 191 192 194 192 199 193 191 194 200 193 194 185 181 88 150 185 88 94 183 185 94 185 150 176 201 88 181 176 88 94 202 178 94 178 183 171 203 201 176 171 201 202 204 172 202 172 178 166 84 203 171 166 203 204 86 168 204 168 172 203 84 85 203 85 205 87 86 204 206 87 204 203 205 207 201 203 207 208 206 204 208 204 202 201 207 89 88 201 89 93 208 202 93 202 94 174 209 210 163 174 210 211 209 174 211 174 164 212 161 163 210 212 163 164 162 213 164 213 211 214 159 161 212 214 161 162 160 215 162 215 213 216 158 159 216 159 214 160 158 216 215 160 216 217 216 214 217 214 218 215 216 217 219 215 217 218 214 212 220 218 212 213 215 219 213 219 221 220 212 210 222 220 210 211 213 221 211 221 223 209 224 222 210 209 222 223 224 209 223 209 211 224 217 218 224 218 222 219 217 224 223 219 224 222 218 220 221 219 223 156 151 225 156 225 226 227 152 157 228 227 157 153 156 226 153 226 229 228 157 154 230 228 154 153 229 231 130 153 231 232 230 154 232 154 133 151 148 233 151 233 225 234 149 152 227 234 152 148 146 235 148 235 233 236 147 149 234 236 149 235 146 144 237 235 144 145 147 236 238 145 236 237 144 142 239 237 142 143 145 238 143 238 240 239 142 140 241 239 140 141 143 240 141 240 242 243 241 140 243 140 138 141 242 244 139 141 244 245 243 138 245 138 136 139 244 246 137 139 246 247 245 136 134 247 136 137 246 248 137 248 135 131 249 247 131 247 134 248 250 132 135 248 132 130 231 249 131 130 249 250 232 133 250 133 132 231 251 252 249 231 252 253 254 232 253 232 250 249 252 255 249 255 247 256 253 250 248 256 250 255 257 245 255 245 247 246 258 256 248 246 256 257 259 243 257 243 245 244 260 258 246 244 258 259 261 241 259 241 243 242 262 260 244 242 260 263 239 241 261 263 241 242 240 264 242 264 262 265 237 239 263 265 239 240 238 266 240 266 264 267 235 237 265 267 237 238 236 268 238 268 266 233 235 267 233 267 269 268 236 234 270 268 234 225 233 269 225 269 271 270 234 227 272 270 227 229 273 251 231 229 251 254 274 230 254 230 232 229 226 275 229 275 273 276 228 230 274 276 230 226 225 271 226 271 275 272 227 228 276 272 228 277 278 128 277 128 124 128 278 279 127 128 279 280 277 124 280 124 120 127 279 281 123 127 281 282 280 120 117 282 120 123 281 283 123 283 119 113 284 282 117 113 282 283 285 115 283 115 119 109 286 284 113 109 284 285 287 111 285 111 115 104 288 286 109 104 286 287 289 106 287 106 111 104 100 290 104 290 288 291 102 106 289 291 106 100 96 292 100 292 290 293 98 102 291 293 102 96 90 294 96 294 292 295 92 98 293 295 98 296 297 298 299 296 298 300 301 302 300 302 303 304 305 297 296 304 297 301 306 307 301 307 302 308 309 305 304 308 305 306 309 310 306 310 307 68 67 309 68 309 308 309 67 70 310 309 70 72 68 308 311 72 308 310 70 74 312 310 74 76 72 311 76 311 313 312 74 78 314 312 78 80 76 313 80 313 315 314 78 82 316 314 82 313 304 296 315 313 296 302 307 314 302 314 316 311 308 304 313 311 304 307 310 312 307 312 314 315 296 299 317 315 299 303 302 316 303 316 318 85 80 315 85 315 317 316 82 87 318 316 87 207 205 319 207 319 320 321 206 208 322 321 208 205 85 317 205 317 319 318 87 206 321 318 206 89 207 320 89 320 323 322 208 93 324 322 93 90 89 323 90 323 294 324 93 92 295 324 92 325 326 327 328 325 327 329 330 331 329 331 332 333 334 326 325 333 326 330 335 336 330 336 331 337 338 334 333 337 334 335 339 340 335 340 336 299 298 338 299 338 337 339 300 303 340 339 303 317 299 337 317 337 319 340 303 318 321 340 318 292 341 342 290 292 342 343 344 293 343 293 291 345 328 327 345 327 346 329 332 347 348 329 347 349 350 351 352 349 351 353 354 355 353 355 356 351 357 358 351 358 352 359 360 353 356 359 353 357 345 346 357 346 358 348 347 360 359 348 360 361 288 362 361 362 363 364 289 365 366 364 365 363 362 367 368 363 367 369 364 366 369 366 370 368 367 371 368 371 372 373 369 370 374 373 370 371 375 376 372 371 376 377 378 373 377 373 374 375 379 380 375 380 376 381 382 378 377 381 378 376 380 345 376 345 357 347 381 377 360 347 377 372 376 357 351 372 357 360 377 374 360 374 353 350 368 372 350 372 351 374 370 354 353 374 354 383 363 368 350 383 368 370 366 384 370 384 354 361 363 383 385 361 383 384 366 365 384 365 386 387 383 350 349 387 350 354 384 388 354 388 355 385 389 390 391 385 390 392 393 386 392 386 394 387 389 385 387 385 383 386 393 388 384 386 388 395 389 387 388 393 396 288 290 342 288 342 362 343 291 289 364 343 289 362 342 397 362 397 367 398 343 364 369 398 364 367 397 399 367 399 371 400 398 369 373 400 369 399 379 375 371 399 375 378 382 400 378 400 373 401 337 333 401 333 402 336 340 403 404 336 403 401 402 405 341 401 405 406 404 403 406 403 344 294 401 341 292 294 341 344 403 295 344 295 293 320 319 401 294 320 401 403 321 322 403 322 295 319 337 401 403 340 321 294 323 320 322 324 295 379 407 408 379 408 380 409 410 382 381 409 382 380 408 328 380 328 345 332 409 381 347 332 381 405 402 408 407 405 408 409 404 406 409 406 410 402 333 325 408 402 325 331 336 404 331 404 409 328 408 325 331 409 332 411 412 413 414 411 413 415 416 417 415 417 418 414 413 419 414 419 420 421 415 418 422 421 418 419 423 424 419 424 420 425 426 421 422 425 421 427 428 424 423 427 424 425 429 430 425 430 426 431 432 428 427 431 428 429 433 434 429 434 430 435 436 432 435 432 431 433 437 438 434 433 438 439 435 431 439 431 440 434 438 441 442 434 441 440 431 427 443 440 427 430 434 442 430 442 444 443 427 423 445 443 423 426 430 444 426 444 446 447 445 423 447 423 419 426 446 448 421 426 448 413 449 447 413 447 419 448 450 415 421 448 415 412 451 449 412 449 413 450 452 416 415 450 416 341 405 453 454 341 453 455 406 344 455 344 456 457 436 435 458 457 435 438 437 459 438 459 460 342 341 454 342 454 397 456 344 343 398 456 343 461 462 412 411 461 412 416 463 464 416 464 417 458 435 439 465 458 439 441 438 460 466 441 460 467 458 465 467 465 468 466 460 469 470 466 469 467 468 471 472 467 471 473 470 469 473 469 474 475 467 472 475 472 476 474 469 477 478 474 477 475 476 479 462 475 479 480 478 477 480 477 463 462 479 451 412 462 451 452 480 463 452 463 416 397 481 482 397 482 399 483 484 398 400 483 398 397 454 485 397 485 481 486 456 398 484 486 398 454 453 485 486 455 456 479 487 488 451 479 488 489 490 480 489 480 452 479 476 491 479 491 487 492 478 480 490 492 480 472 493 491 476 472 491 492 494 474 492 474 478 471 495 493 472 471 493 494 496 473 494 473 474 468 497 495 471 468 495 496 498 470 496 470 473 465 499 497 468 465 497 498 500 466 498 466 470 465 439 501 499 465 501 502 441 466 502 466 500 451 488 503 449 451 503 504 489 452 504 452 450 449 503 505 447 449 505 506 504 450 506 450 448 505 507 445 505 445 447 446 508 506 448 446 506 507 509 443 507 443 445 444 510 508 446 444 508 509 511 440 509 440 443 442 512 510 444 442 510 501 439 440 511 501 440 442 441 502 442 502 512 495 497 513 495 513 514 515 498 496 516 515 496 514 513 517 518 514 517 519 515 516 519 516 520 518 517 521 522 518 521 523 519 520 523 520 524 522 521 525 522 525 526 527 523 524 528 527 524 488 522 526 488 526 503 528 524 489 504 528 489 487 518 522 488 487 522 524 520 490 489 524 490 491 514 518 487 491 518 520 516 492 490 520 492 493 495 514 491 493 514 516 496 494 516 494 492 499 501 497 497 501 513 515 502 498 498 502 500 513 501 511 513 511 517 512 502 515 519 512 515 517 511 509 517 509 521 510 512 519 523 510 519 521 509 507 525 521 507 508 510 523 508 523 527 526 525 507 526 507 505 508 527 528 506 508 528 503 526 505 506 528 504 432 436 529 432 529 530 531 437 433 532 531 433 428 432 530 428 530 533 532 433 429 534 532 429 424 428 533 424 533 535 534 429 425 536 534 425 424 535 537 538 424 537 539 536 425 539 425 540 537 541 542 538 537 542 543 544 539 543 539 540 541 545 546 541 546 542 547 548 544 543 547 544 530 529 545 541 530 545 548 531 532 548 532 544 533 530 541 537 533 541 544 532 534 544 534 539 537 535 533 534 536 539 549 379 399 549 399 550 551 552 548 547 551 548 545 529 553 545 553 554 555 531 548 552 555 548 529 436 457 553 529 457 459 437 531 555 459 531"
						solid="false">
						<Normal
							vector="0.727683424949646 -0.654499888420105 0.205084398388863 0.604022324085236 -0.510238885879517 0.612170815467834 0.802057027816772 -0.00338755501434207 0.597186207771301 0.977690994739532 -0.0110171800479293 0.209723204374313 -0.802057027816772 -0.00338755501434207 0.597186207771301 -0.604022324085236 -0.510238885879517 0.612170815467834 -0.727683424949646 -0.654499888420105 0.205084398388863 -0.977690994739532 -0.0110171800479293 0.209723204374313 0.682943224906921 -0.547471523284912 0.483535289764404 0.8684042096138 -0.00326548097655177 0.495773196220398 -0.8684042096138 -0.00326548097655177 0.495773196220398 -0.682943224906921 -0.547471523284912 0.483535289764404 0.09820856153965 -0.750968873500824 0.652974009513855 0.11587879806757 -0.86696982383728 0.484664410352707 -0.11587879806757 -0.86696982383728 0.484664410352707 -0.09820856153965 -0.750968873500824 0.652974009513855 0.0375072509050369 -0.965056300163269 0.259224206209183 -0.0375072509050369 -0.965056300163269 0.259224206209183 -0.451368689537048 -0.539323091506958 0.710867583751678 -0.655354499816895 -0.69280070066452 0.300820887088776 0.451368689537048 -0.539323091506958 0.710867583751678 0.655354499816895 -0.69280070066452 0.300820887088776 -0.551225304603577 -0.635792076587677 0.540208220481873 0.551225304603577 -0.635792076587677 0.540208220481873 -0.814783215522766 -0.00378429493866861 0.579699099063873 -0.693990886211395 -0.00350962905213237 0.719931721687317 0.814783215522766 -0.00378429493866861 0.579699099063873 0.693990886211395 -0.00350962905213237 0.719931721687317 -0.946043312549591 -0.0128482896834612 0.32367929816246 0.946043312549591 -0.0128482896834612 0.32367929816246 -0.455122500658035 0.525071024894714 0.719107627868652 -0.662160098552704 0.691396772861481 0.288918703794479 0.455122500658035 0.525071024894714 0.719107627868652 0.662160098552704 0.691396772861481 0.288918703794479 -0.529770791530609 0.626575529575348 0.571581184864044 0.529770791530609 0.626575529575348 0.571581184864044 0.10187079757452 0.74013489484787 0.664662599563599 0.122409701347351 0.837305784225464 0.532822728157043 -0.10187079757452 0.74013489484787 0.664662599563599 -0.122409701347351 0.837305784225464 0.532822728157043 0.0320749506354332 0.971007406711578 0.236854195594788 -0.0320749506354332 0.971007406711578 0.236854195594788 0.732047498226166 0.6527299284935 0.19492170214653 0.60844761133194 0.494918704032898 0.620288729667664 -0.60844761133194 0.494918704032898 0.620288729667664 -0.732047498226166 0.6527299284935 0.19492170214653 0.672200679779053 0.538132905960083 0.508438289165497 -0.672200679779053 0.538132905960083 0.508438289165497 0.973723590373993 -0.0122074000537395 0.227271303534508 0.721976399421692 0.649861216545105 0.23743399977684 -0.973723590373993 -0.0122074000537395 0.227271303534508 -0.721976399421692 0.649861216545105 0.23743399977684 0.0374462082982063 0.933561205863953 0.356395214796066 -0.0374462082982063 0.933561205863953 0.356395214796066 -0.626331388950348 0.647022902965546 0.434766709804535 0.626331388950348 0.647022902965546 0.434766709804535 -0.911252200603485 -0.0122684398666024 0.411603093147278 0.911252200603485 -0.0122684398666024 0.411603093147278 -0.618121922016144 -0.65376752614975 0.436414688825607 0.618121922016144 -0.65376752614975 0.436414688825607 0.0369273908436298 -0.935087084770203 0.352397203445435 -0.0369273908436298 -0.935087084770203 0.352397203445435 0.715048670768738 -0.656880378723145 0.239051505923271 -0.715048670768738 -0.656880378723145 0.239051505923271 0.183599397540092 -0.00531022110953927 0.982970714569092 -0.183599397540092 -0.00531022110953927 0.982970714569092 0 -0.792168974876404 0.61024808883667 0 -0.977721512317657 0.209814801812172 0.157628104090691 -0.974486470222473 0.159581303596497 0.167851805686951 -0.753471493721008 0.635639488697052 -0.157628104090691 -0.974486470222473 0.159581303596497 -0.167851805686951 -0.753471493721008 0.635639488697052 0.654103219509125 -0.74175238609314 0.14798429608345 0.362987190485001 -0.618396580219269 0.69695121049881 -0.654103219509125 -0.74175238609314 0.14798429608345 -0.362987190485001 -0.618396580219269 0.69695121049881 0.969573020935059 -0.147282302379608 0.195379495620728 0.555894672870636 -0.215979501605034 0.802667319774628 -0.969573020935059 -0.147282302379608 0.195379495620728 -0.555894672870636 -0.215979501605034 0.802667319774628 0.975768327713013 0.0948515236377716 0.197027504444122 0.56782740354538 -0.0329599902033806 0.822443306446075 -0.975768327713013 0.0948515236377716 0.197027504444122 -0.56782740354538 -0.0329599902033806 0.822443306446075 0.587206721305847 0.111941896378994 0.801629722118378 0.965117275714874 0.218939796090126 0.143498003482819 -0.587206721305847 0.111941896378994 0.801629722118378 -0.965117275714874 0.218939796090126 0.143498003482819 0.0663167163729668 -0.192907497286797 0.978942215442657 0.905301094055176 -0.389111012220383 0.170262798666954 0.360545694828033 -0.931608021259308 0.045442059636116 0.380870997905731 -0.51756340265274 0.766167223453522 -0.360545694828033 -0.931608021259308 0.045442059636116 -0.905301094055176 -0.389111012220383 0.170262798666954 -0.0663167163729668 -0.192907497286797 0.978942215442657 -0.380870997905731 -0.51756340265274 0.766167223453522 0.588885188102722 -0.790795624256134 0.166783705353737 0.49873349070549 -0.401135295629501 0.768303513526917 -0.588885188102722 -0.790795624256134 0.166783705353737 -0.49873349070549 -0.401135295629501 0.768303513526917 0.91262549161911 -0.402722209692001 -0.0697958320379257 0.548905909061432 -0.326578587293625 0.769402086734772 -0.91262549161911 -0.402722209692001 -0.0697958320379257 -0.548905909061432 -0.326578587293625 0.769402086734772 0.880123317241669 0.423841089010239 0.213782206177711 0.487533211708069 -0.147038206458092 0.860591471195221 -0.880123317241669 0.423841089010239 0.213782206177711 -0.487533211708069 -0.147038206458092 0.860591471195221 0.341685205698013 -0.0325327292084694 0.939237713813782 0.509964287281036 0.833002686500549 0.214392498135567 -0.341685205698013 -0.0325327292084694 0.939237713813782 -0.509964287281036 0.833002686500549 0.214392498135567 0.314126998186111 -0.0303659196943045 0.948881506919861 0.597765982151031 0.78377628326416 0.168309599161148 -0.314126998186111 -0.0303659196943045 0.948881506919861 -0.597765982151031 0.78377628326416 0.168309599161148 0.271126389503479 0.213019207119942 0.938657820224762 0.228278502821922 0.95880001783371 0.168919995427132 -0.271126389503479 0.213019207119942 0.938657820224762 -0.228278502821922 0.95880001783371 0.168919995427132 -0.598681628704071 0.77733701467514 0.192999094724655 -0.16425059735775 0.159032002091408 0.973479390144348 0.16425059735775 0.159032002091408 0.973479390144348 0.598681628704071 0.77733701467514 0.192999094724655 -0.791741728782654 0.582872986793518 0.182561695575714 -0.0729392394423485 -0.0286874007433653 0.996917605400085 0.0729392394423485 -0.0286874007433653 0.996917605400085 0.791741728782654 0.582872986793518 0.182561695575714 0 0.959532380104065 0.28156378865242 0 -0.0240790992975235 0.99969482421875 0.265388995409012 -0.203955203294754 0.942289471626282 0.266029804944992 -0.125705704092979 0.955717623233795 -0.266029804944992 -0.125705704092979 0.955717623233795 -0.265388995409012 -0.203955203294754 0.942289471626282 0.133426904678345 -0.0974761173129082 0.986236214637756 -0.133426904678345 -0.0974761173129082 0.986236214637756 0.197821006178856 -0.0104373302310705 0.980162978172302 -0.197821006178856 -0.0104373302310705 0.980162978172302 0.241340398788452 -0.306710988283157 0.920682370662689 -0.241340398788452 -0.306710988283157 0.920682370662689 0.362956613302231 -0.212256193161011 0.907284796237946 -0.362956613302231 -0.212256193161011 0.907284796237946 0.441450208425522 -0.205847397446632 0.873317718505859 -0.441450208425522 -0.205847397446632 0.873317718505859 0.419446408748627 -0.379741787910461 0.824518620967865 -0.419446408748627 -0.379741787910461 0.824518620967865 0.310617387294769 -0.340342402458191 0.887478172779083 -0.310617387294769 -0.340342402458191 0.887478172779083 -0.134922295808792 -0.214575603604317 0.967314720153809 0.134922295808792 -0.214575603604317 0.967314720153809 0 0.0134586598724127 0.99990838766098 -0.310403794050217 -0.169743999838829 0.935300827026367 0.310403794050217 -0.169743999838829 0.935300827026367 0.0283822100609541 -0.198553398251534 0.979644179344177 -0.0283822100609541 -0.198553398251534 0.979644179344177 0 -0.223456501960754 0.974700212478638 -0.162388995289803 -0.19974359869957 0.966277122497559 0.162388995289803 -0.19974359869957 0.966277122497559 0 -0.331247895956039 0.943510174751282 -0.0252082906663418 -0.411786288022995 0.910916388034821 0.0252082906663418 -0.411786288022995 0.910916388034821 0.0890530124306679 -0.322885811328888 0.942228376865387 -0.0890530124306679 -0.322885811328888 0.942228376865387 0.155888497829437 -0.170628994703293 0.972899615764618 -0.155888497829437 -0.170628994703293 0.972899615764618 0.180242300033569 -0.0578325800597668 0.981902480125427 0.138615101575851 0.0028992579318583 0.990325629711151 -0.180242300033569 -0.0578325800597668 0.981902480125427 -0.138615101575851 0.0028992579318583 0.990325629711151 0 -0.457563996315002 0.889156818389893 0 -0.00408947980031371 0.999969482421875 0.496871888637543 -0.435590714216232 0.750541687011719 -0.496871888637543 -0.435590714216232 0.750541687011719 0 -0.0342112481594086 0.999389588832855 0 -0.425733208656311 0.904843270778656 0.580309510231018 -0.730643570423126 0.359660595655441 0.721549093723297 -0.364604592323303 0.588549375534058 0.924588680267334 -0.212927594780922 0.315866589546204 -0.721549093723297 -0.364604592323303 0.588549375534058 -0.580309510231018 -0.730643570423126 0.359660595655441 -0.924588680267334 -0.212927594780922 0.315866589546204 0.252784788608551 0.347941488027573 0.902768015861511 0.621784090995789 0.774407088756561 0.116763800382614 -0.252784788608551 0.347941488027573 0.902768015861511 -0.621784090995789 0.774407088756561 0.116763800382614 0 0.56923121213913 0.822138071060181 -0.30179750919342 0.941618084907532 0.149174496531487 0.30179750919342 0.941618084907532 0.149174496531487 0 0.759239494800568 0.65077668428421 0 0.785088717937469 0.619342625141144 0 -0.857417523860931 0.514572620391846 0 -0.528550088405609 0.848872423171997 0.220557302236557 -0.56395161151886 0.795770108699799 -0.220557302236557 -0.56395161151886 0.795770108699799 0 0.113559402525425 0.993499577045441 -0.199163794517517 0.601733386516571 0.773430585861206 0.199163794517517 0.601733386516571 0.773430585861206 0.36637470126152 0.475142687559128 0.799981713294983 -0.36637470126152 0.475142687559128 0.799981713294983 0.429639607667923 -0.184942200779915 0.883816003799438 -0.429639607667923 -0.184942200779915 0.883816003799438 0.74303412437439 0.0295419208705425 0.668569028377533 -0.74303412437439 0.0295419208705425 0.668569028377533 0.646381974220276 0.142429903149605 0.749565124511719 -0.646381974220276 0.142429903149605 0.749565124511719 0.938505172729492 0.325083196163177 0.116031400859356 -0.938505172729492 0.325083196163177 0.116031400859356 0.953428685665131 0.281594306230545 0.107882902026176 -0.953428685665131 0.281594306230545 0.107882902026176 0 -0.903103709220886 0.429395407438278 -0.114017203450203 -0.615069985389709 0.780144572257996 0.114017203450203 -0.615069985389709 0.780144572257996 -0.650257885456085 0.0614948011934757 0.757194817066193 0.650257885456085 0.0614948011934757 0.757194817066193 -0.370464205741882 0.544999480247498 0.752128720283508 0.370464205741882 0.544999480247498 0.752128720283508 0 0.646687209606171 0.762718617916107 0 0.528855323791504 0.848689317703247 -0.327219486236572 0.47450178861618 0.817133128643036 0.327219486236572 0.47450178861618 0.817133128643036 -0.674825310707092 0.114688597619534 0.728965103626251 0.674825310707092 0.114688597619534 0.728965103626251 -0.516342580318451 -0.704123020172119 0.487411111593246 0.516342580318451 -0.704123020172119 0.487411111593246 0 -0.698843419551849 0.715262293815613 -0.0170293301343918 -0.0610065013170242 0.997985780239105 0.164891496300697 -0.0896633788943291 0.982207715511322 0.0170293301343918 -0.0610065013170242 0.997985780239105 -0.164891496300697 -0.0896633788943291 0.982207715511322 0.235846996307373 -0.108889997005463 0.965636074542999 -0.235846996307373 -0.108889997005463 0.965636074542999 0.163335099816322 -0.0836207121610641 0.983001172542572 -0.163335099816322 -0.0836207121610641 0.983001172542572 0.0128788100555539 -0.15601059794426 0.987640023231506 -0.0128788100555539 -0.15601059794426 0.987640023231506 0.199774205684662 -0.207190200686455 0.95767080783844 -0.199774205684662 -0.207190200686455 0.95767080783844 0.285775303840637 -0.0424817688763142 0.957335114479065 -0.285775303840637 -0.0424817688763142 0.957335114479065 0.298989802598953 -0.093356117606163 0.949675023555756 -0.298989802598953 -0.093356117606163 0.949675023555756 0.186956405639648 -0.06549271941185 0.980162978172302 -0.186956405639648 -0.06549271941185 0.980162978172302 0.30625331401825 0.0341807305812836 0.951322972774506 -0.30625331401825 0.0341807305812836 0.951322972774506 0.173039898276329 -0.110934801399708 0.978636980056763 -0.173039898276329 -0.110934801399708 0.978636980056763 0.165684998035431 0.112888000905514 0.979674696922302 -0.165684998035431 0.112888000905514 0.979674696922302 0.182836398482323 0.0366832502186298 0.982451915740967 -0.182836398482323 0.0366832502186298 0.982451915740967 0.500961303710938 -0.383892297744751 0.775627911090851 0.306283801794052 -0.343119591474533 0.887905478477478 -0.306283801794052 -0.343119591474533 0.887905478477478 -0.500961303710938 -0.383892297744751 0.775627911090851 0.002105776919052 -0.495284885168076 0.86870938539505 -0.002105776919052 -0.495284885168076 0.86870938539505 -0.140080004930496 -0.762047171592712 0.632160425186157 0.140080004930496 -0.762047171592712 0.632160425186157 -0.194311395287514 -0.616046607494354 0.763329029083252 0.194311395287514 -0.616046607494354 0.763329029083252 -0.354869186878204 -0.128604993224144 0.925992608070374 0.354869186878204 -0.128604993224144 0.925992608070374 -0.254860103130341 0.224127903580666 0.940611004829407 0.254860103130341 0.224127903580666 0.940611004829407 -0.083101898431778 0.541612029075623 0.836481809616089 0.083101898431778 0.541612029075623 0.836481809616089 0.148869305849075 0.613483071327209 0.775505781173706 -0.148869305849075 0.613483071327209 0.775505781173706 0.424451410770416 0.560899674892426 0.710776090621948 -0.424451410770416 0.560899674892426 0.710776090621948 0.687490522861481 0.297402888536453 0.662465274333954 -0.687490522861481 0.297402888536453 0.662465274333954 0.746421694755554 -0.213446497917175 0.630268275737762 -0.746421694755554 -0.213446497917175 0.630268275737762 0.805200278759003 0.0149540696293116 0.592791616916656 -0.805200278759003 0.0149540696293116 0.592791616916656 -0.504593014717102 0.862178385257721 0.0448011681437492 0 0.879390776157379 0.476027697324753 0.504593014717102 0.862178385257721 0.0448011681437492 -0.477004289627075 0.509964287281036 -0.715781092643738 0.477004289627075 0.509964287281036 -0.715781092643738 0.114597000181675 0.65550708770752 -0.746421694755554 -0.114597000181675 0.65550708770752 -0.746421694755554 0.308389514684677 0.913815677165985 -0.264198809862137 -0.308389514684677 0.913815677165985 -0.264198809862137 0.351451188325882 0.908749580383301 -0.224921405315399 -0.351451188325882 0.908749580383301 -0.224921405315399 0.739219307899475 0.600482225418091 -0.30484938621521 -0.739219307899475 0.600482225418091 -0.30484938621521 0.939329206943512 -0.306802600622177 -0.153294503688812 -0.939329206943512 -0.306802600622177 -0.153294503688812 0.576830327510834 -0.811029374599457 -0.097170926630497 -0.576830327510834 -0.811029374599457 -0.097170926630497 0.439375013113022 -0.892513811588287 -0.101596102118492 -0.439375013113022 -0.892513811588287 -0.101596102118492 0.337473690509796 -0.253456205129623 -0.906552314758301 0 -0.317789196968079 -0.948149025440216 0 -0.805108785629272 -0.593096673488617 0.725974321365356 -0.586504697799683 -0.359080791473389 0 -0.805108785629272 -0.593096673488617 0 -0.317789196968079 -0.948149025440216 -0.337473690509796 -0.253456205129623 -0.906552314758301 -0.725974321365356 -0.586504697799683 -0.359080791473389 0.129306897521019 -0.178899496793747 -0.975310504436493 0 -0.297799587249756 -0.954618990421295 0 -0.297799587249756 -0.954618990421295 -0.129306897521019 -0.178899496793747 -0.975310504436493 0.0992767065763474 -0.767937183380127 -0.632740318775177 0 -0.850794970989227 -0.525467693805695 -0.0992767065763474 -0.767937183380127 -0.632740318775177 0.558641314506531 -0.467909812927246 -0.684774279594421 -0.558641314506531 -0.467909812927246 -0.684774279594421 0.60579240322113 0.0208136197179556 -0.795312285423279 -0.60579240322113 0.0208136197179556 -0.795312285423279 0.776604473590851 -0.00933866389095783 -0.629871487617493 -0.776604473590851 -0.00933866389095783 -0.629871487617493 0.960142910480499 -0.00164799997583032 -0.279427498579025 -0.960142910480499 -0.00164799997583032 -0.279427498579025 0.973113179206848 -0.230201095342636 0.000152592503582127 0.9537034034729 -0.199865698814392 0.224646702408791 -0.973113179206848 -0.230201095342636 0.000152592503582127 -0.9537034034729 -0.199865698814392 0.224646702408791 0.814020216464996 -0.554368674755096 0.173161998391151 -0.814020216464996 -0.554368674755096 0.173161998391151 0.51908928155899 -0.655629217624664 -0.548295617103577 0 -0.696645975112915 -0.717368125915527 0 -0.300424188375473 -0.95379501581192 0.423658013343811 -0.324014991521835 -0.845851004123688 0 -0.300424188375473 -0.95379501581192 0 -0.696645975112915 -0.717368125915527 -0.51908928155899 -0.655629217624664 -0.548295617103577 -0.423658013343811 -0.324014991521835 -0.845851004123688 0.52134770154953 -0.825464725494385 -0.21622359752655 0 -0.940977215766907 -0.338450312614441 0 -0.940977215766907 -0.338450312614441 -0.52134770154953 -0.825464725494385 -0.21622359752655 0.588732481002808 -0.808069109916687 -0.0185247398912907 0 -0.986266672611237 -0.164983093738556 0 -0.986266672611237 -0.164983093738556 -0.588732481002808 -0.808069109916687 -0.0185247398912907 0.715201318264008 -0.694998025894165 0.0736106485128403 0.976195573806763 -0.20194099843502 0.0787072330713272 -0.976195573806763 -0.20194099843502 0.0787072330713272 -0.715201318264008 -0.694998025894165 0.0736106485128403 0.453413486480713 0.196874901652336 -0.8692587018013 0 0.314065992832184 -0.949369788169861 -0.453413486480713 0.196874901652336 -0.8692587018013 0 0.314065992832184 -0.949369788169861 0 0.82665491104126 0.562669813632965 0.46104308962822 0.73378711938858 0.498947113752365 0.419751614332199 0.906948983669281 0.0348521396517754 0 0.99972528219223 0.023194070905447 -0.419751614332199 0.906948983669281 0.0348521396517754 -0.46104308962822 0.73378711938858 0.498947113752365 0 0.82665491104126 0.562669813632965 0 0.99972528219223 0.023194070905447 0.425824791193008 0.803186118602753 -0.41654708981514 0 0.832544922828674 -0.553941488265991 0 0.832544922828674 -0.553941488265991 -0.425824791193008 0.803186118602753 -0.41654708981514 0.351451188325882 0.908749580383301 -0.224921405315399 0.765221118927002 0.624408721923828 0.156529396772385 0.472060292959213 0.777764201164246 0.414929687976837 -0.765221118927002 0.624408721923828 0.156529396772385 -0.351451188325882 0.908749580383301 -0.224921405315399 -0.472060292959213 0.777764201164246 0.414929687976837 0.747520387172699 0.532608985900879 0.396862685680389 0.651387095451355 0.681447803974152 0.333536803722382 -0.747520387172699 0.532608985900879 0.396862685680389 -0.651387095451355 0.681447803974152 0.333536803722382 0.854793012142181 0.51805168390274 -0.0301217697560787 0.678792715072632 0.731772780418396 -0.0611896105110645 -0.854793012142181 0.51805168390274 -0.0301217697560787 -0.678792715072632 0.731772780418396 -0.0611896105110645 0.873866975307465 0.30701619386673 -0.376873105764389 0.644032120704651 0.537949681282043 -0.543839812278748 -0.644032120704651 0.537949681282043 -0.543839812278748 -0.873866975307465 0.30701619386673 -0.376873105764389 0.625995576381683 -0.0259407293051481 -0.779381692409515 0.586016416549683 -0.0154728796333075 -0.810113787651062 -0.586016416549683 -0.0154728796333075 -0.810113787651062 -0.625995576381683 -0.0259407293051481 -0.779381692409515 0.391613513231277 0.828028202056885 0.401196300983429 -0.391613513231277 0.828028202056885 0.401196300983429 0.308389514684677 0.913815677165985 -0.264198809862137 -0.308389514684677 0.913815677165985 -0.264198809862137 0 0.620380282402039 0.78426468372345 0 0.620380282402039 0.78426468372345 -0.504593014717102 0.862178385257721 0.0448011681437492 -0.477004289627075 0.509964287281036 -0.715781092643738 0.114597000181675 0.65550708770752 -0.746421694755554 0.477004289627075 0.509964287281036 -0.715781092643738 0.504593014717102 0.862178385257721 0.0448011681437492 -0.114597000181675 0.65550708770752 -0.746421694755554 0 0.879390776157379 0.476027697324753 0 0.879390776157379 0.476027697324753 0.99893182516098 -0.0455030985176563 0.00616473890841007 -0.99893182516098 -0.0455030985176563 0.00616473890841007 0.896450698375702 0.30436110496521 0.322000801563263 -0.896450698375702 0.30436110496521 0.322000801563263 0.573046028614044 -0.803735494613647 0.160008504986763 0.580889284610748 -0.800683617591858 -0.146336302161217 -0.573046028614044 -0.803735494613647 0.160008504986763 -0.580889284610748 -0.800683617591858 -0.146336302161217 0.274422407150269 -0.959990322589874 -0.0552079789340496 -0.274422407150269 -0.959990322589874 -0.0552079789340496 0.402020305395126 -0.616718113422394 -0.676747918128967 0.544297575950623 -0.495864689350128 -0.676625788211823 -0.544297575950623 -0.495864689350128 -0.676625788211823 -0.402020305395126 -0.616718113422394 -0.676747918128967 -0.287759006023407 0.73879212141037 0.60939359664917 0.45896789431572 -0.0631122663617134 0.886165976524353 0.542039275169373 -0.0674153864383698 0.837611019611359 0.0162663608789444 0.87362277507782 0.486281901597977 -0.542039275169373 -0.0674153864383698 0.837611019611359 -0.45896789431572 -0.0631122663617134 0.886165976524353 0.287759006023407 0.73879212141037 0.60939359664917 -0.0162663608789444 0.87362277507782 0.486281901597977 0.317362010478973 -0.0929593816399574 0.943723917007446 0.360362589359283 0.860530376434326 0.359996289014816 -0.317362010478973 -0.0929593816399574 0.943723917007446 -0.360362589359283 0.860530376434326 0.359996289014816 -0.120059803128242 -0.0897244215011597 0.988677620887756 0.789574921131134 0.178991094231606 0.586931884288788 -0.789574921131134 0.178991094231606 0.586931884288788 0.120059803128242 -0.0897244215011597 0.988677620887756 -0.0239875502884388 0.273934096097946 0.961424589157104 0.673116326332092 -0.499832212924957 0.544999480247498 -0.673116326332092 -0.499832212924957 0.544999480247498 0.0239875502884388 0.273934096097946 0.961424589157104 0.492172002792358 0.273750990629196 0.826319217681885 0.471877187490463 -0.779625773429871 0.41163370013237 -0.471877187490463 -0.779625773429871 0.41163370013237 -0.492172002792358 0.273750990629196 0.826319217681885 0.341318994760513 0.352671891450882 0.87124240398407 -0.0438856184482574 -0.64812159538269 0.760246574878693 0.0438856184482574 -0.64812159538269 0.760246574878693 -0.341318994760513 0.352671891450882 0.87124240398407 0.232978299260139 0.878811001777649 0.416364014148712 -0.166539505124092 0.95388650894165 0.249671906232834 -0.232978299260139 0.878811001777649 0.416364014148712 0.166539505124092 0.95388650894165 0.249671906232834 -0.761345326900482 0.647083878517151 0.0399182103574276 0.761345326900482 0.647083878517151 0.0399182103574276 -0.981017470359802 -0.0933866426348686 0.169805005192757 0.981017470359802 -0.0933866426348686 0.169805005192757 -0.14096499979496 -0.772789716720581 0.618793308734894 0.14096499979496 -0.772789716720581 0.618793308734894 0.558732926845551 -0.658284187316895 0.504409909248352 -0.558732926845551 -0.658284187316895 0.504409909248352 0.687795579433441 -0.553331077098846 0.469801902770996 -0.687795579433441 -0.553331077098846 0.469801902770996 0.74504828453064 0.0854518264532089 0.661458194255829 0.861506998538971 -0.487991005182266 -0.139957904815674 -0.74504828453064 0.0854518264532089 0.661458194255829 -0.861506998538971 -0.487991005182266 -0.139957904815674 0.274422407150269 -0.959990322589874 -0.0552079789340496 0.74504828453064 0.0854518264532089 0.661458194255829 -0.274422407150269 -0.959990322589874 -0.0552079789340496 -0.74504828453064 0.0854518264532089 0.661458194255829 0.896450698375702 0.30436110496521 0.322000801563263 0.74269837141037 -0.2611163854599 0.616595983505249 -0.74269837141037 -0.2611163854599 0.616595983505249 -0.896450698375702 0.30436110496521 0.322000801563263 0.593310415744781 0.56633198261261 0.572008371353149 -0.593310415744781 0.56633198261261 0.572008371353149 0.920987606048584 -0.174901604652405 0.348033100366592 0.883663415908813 -0.0624408684670925 0.463911890983582 -0.920987606048584 -0.174901604652405 0.348033100366592 -0.883663415908813 -0.0624408684670925 0.463911890983582 0.573107123374939 0.726248979568481 0.379528194665909 0.858851909637451 0.037141028791666 0.510818779468536 -0.573107123374939 0.726248979568481 0.379528194665909 -0.858851909637451 0.037141028791666 0.510818779468536 0.87197482585907 -0.424024194478989 0.244605898857117 0.748130679130554 -0.579912722110748 0.322397500276566 -0.87197482585907 -0.424024194478989 0.244605898857117 -0.748130679130554 -0.579912722110748 0.322397500276566 0.69631028175354 -0.541184723377228 0.471419394016266 -0.69631028175354 -0.541184723377228 0.471419394016266 0.87197482585907 -0.424024194478989 0.244605898857117 0.74269837141037 -0.2611163854599 0.616595983505249 -0.74269837141037 -0.2611163854599 0.616595983505249 -0.87197482585907 -0.424024194478989 0.244605898857117 0.920987606048584 -0.174901604652405 0.348033100366592 -0.920987606048584 -0.174901604652405 0.348033100366592 0.666859924793243 -0.434766709804535 0.605182111263275 0.635792076587677 -0.409161686897278 0.6544389128685 -0.635792076587677 -0.409161686897278 0.6544389128685 -0.666859924793243 -0.434766709804535 0.605182111263275 0.571398079395294 -0.425855308771133 0.70149838924408 -0.571398079395294 -0.425855308771133 0.70149838924408 0.78368479013443 0.251350402832031 0.567979991436005 -0.78368479013443 0.251350402832031 0.567979991436005 0.444715708494186 0.374004304409027 0.813806593418121 -0.444715708494186 0.374004304409027 0.813806593418121 0.373882293701172 0.36872461438179 0.851008713245392 -0.373882293701172 0.36872461438179 0.851008713245392 0.660023808479309 0.349498003721237 0.664967775344849 -0.660023808479309 0.349498003721237 0.664967775344849 -0.0506912395358086 0.951841771602631 0.302316397428513 0.0506912395358086 0.951841771602631 0.302316397428513 0.484420299530029 -0.337321102619171 0.807153522968292 -0.484420299530029 -0.337321102619171 0.807153522968292 -0.248451203107834 -0.582598328590393 0.773827314376831 0.248451203107834 -0.582598328590393 0.773827314376831 -0.743308782577515 -0.0973235294222832 0.661824405193329 0.743308782577515 -0.0973235294222832 0.661824405193329 -0.539170503616333 0.450636297464371 0.711447477340698 0.539170503616333 0.450636297464371 0.711447477340698 0.0872829407453537 0.74004328250885 0.666829407215118 -0.0872829407453537 0.74004328250885 0.666829407215118 0.385448813438416 0.116214498877525 0.915341675281525 0.198339805006981 0.00512711005285382 0.980101883411407 -0.385448813438416 0.116214498877525 0.915341675281525 -0.198339805006981 0.00512711005285382 0.980101883411407 0.431531697511673 -0.0331125818192959 0.901455819606781 0.328104496002197 0.000183111100341193 0.944608926773071 -0.431531697511673 -0.0331125818192959 0.901455819606781 -0.328104496002197 0.000183111100341193 0.944608926773071 0.344737112522125 -0.0766930133104324 0.935544908046722 0.317819714546204 0.0936613082885742 0.943510174751282 -0.344737112522125 -0.0766930133104324 0.935544908046722 -0.317819714546204 0.0936613082885742 0.943510174751282 0.436475694179535 -0.013580740429461 0.899594128131866 0.357310712337494 0.298013210296631 0.885128319263458 -0.436475694179535 -0.013580740429461 0.899594128131866 -0.357310712337494 0.298013210296631 0.885128319263458 -0.0797448679804802 -0.845271229743958 -0.528336405754089 -0.0418408811092377 -0.69887387752533 -0.714011073112488 0.0797448679804802 -0.845271229743958 -0.528336405754089 0.0418408811092377 -0.69887387752533 -0.714011073112488 0.614947974681854 -0.490554511547089 -0.617358922958374 -0.614947974681854 -0.490554511547089 -0.617358922958374 0.923398613929749 0.0856044217944145 -0.374095886945724 -0.923398613929749 0.0856044217944145 -0.374095886945724 0.304757803678513 0.621875584125519 -0.721335470676422 0.360362589359283 0.860530376434326 0.359996289014816 -0.304757803678513 0.621875584125519 -0.721335470676422 -0.360362589359283 0.860530376434326 0.359996289014816 -0.417645812034607 0.558580279350281 -0.716605126857758 0.0162663608789444 0.87362277507782 0.486281901597977 -0.0162663608789444 0.87362277507782 0.486281901597977 0.417645812034607 0.558580279350281 -0.716605126857758 -0.65617847442627 0.571520090103149 -0.492690801620483 -0.287759006023407 0.73879212141037 0.60939359664917 0.287759006023407 0.73879212141037 0.60939359664917 0.65617847442627 0.571520090103149 -0.492690801620483 -0.65617847442627 0.571520090103149 -0.492690801620483 -0.287759006023407 0.73879212141037 0.60939359664917 -0.896450698375702 0.30436110496521 0.322000801563263 -0.625995576381683 -0.0259407293051481 -0.779381692409515 0.402020305395126 -0.616718113422394 -0.676747918128967 0.625995576381683 -0.0259407293051481 -0.779381692409515 -0.402020305395126 -0.616718113422394 -0.676747918128967" />
						<Coordinate
							point="0.4375 0.1640625 0.765625 0.5 0.09375 0.6875 0.5625 0.2421875 0.671875 0.46875 0.2421875 0.7578125 -0.5625 0.2421875 0.671875 -0.5 0.09375 0.6875 -0.4375 0.1640625 0.765625 -0.46875 0.2421875 0.7578125 0.546875 0.0546875 0.578125 0.625 0.2421875 0.5625 -0.625 0.2421875 0.5625 -0.546875 0.0546875 0.578125 0.3515625 0.03125 0.71875 0.3515625 -0.0234375 0.6171875 -0.3515625 -0.0234375 0.6171875 -0.3515625 0.03125 0.71875 0.3515625 0.1328125 0.78125 -0.3515625 0.1328125 0.78125 0.203125 0.09375 0.7421875 0.2734375 0.1640625 0.796875 -0.203125 0.09375 0.7421875 -0.2734375 0.1640625 0.796875 0.15625 0.0546875 0.6484375 -0.15625 0.0546875 0.6484375 0.078125 0.2421875 0.65625 0.140625 0.2421875 0.7421875 -0.078125 0.2421875 0.65625 -0.140625 0.2421875 0.7421875 0.2421875 0.2421875 0.796875 -0.2421875 0.2421875 0.796875 0.203125 0.390625 0.7421875 0.2734375 0.328125 0.796875 -0.203125 0.390625 0.7421875 -0.2734375 0.328125 0.796875 0.15625 0.4375 0.6484375 -0.15625 0.4375 0.6484375 0.3515625 0.453125 0.71875 0.3515625 0.515625 0.6171875 -0.3515625 0.453125 0.71875 -0.3515625 0.515625 0.6171875 0.3515625 0.359375 0.78125 -0.3515625 0.359375 0.78125 0.4375 0.328125 0.765625 0.5 0.390625 0.6875 -0.5 0.390625 0.6875 -0.4375 0.328125 0.765625 0.546875 0.4375 0.578125 -0.546875 0.4375 0.578125 0.4765625 0.2421875 0.7734375 0.4453125 0.3359375 0.78125 -0.4765625 0.2421875 0.7734375 -0.4453125 0.3359375 0.78125 0.3515625 0.375 0.8046875 -0.3515625 0.375 0.8046875 0.265625 0.3359375 0.8203125 -0.265625 0.3359375 0.8203125 0.2265625 0.2421875 0.8203125 -0.2265625 0.2421875 0.8203125 0.265625 0.15625 0.8203125 -0.265625 0.15625 0.8203125 0.3515625 0.1171875 0.8046875 -0.3515625 0.1171875 0.8046875 0.4453125 0.15625 0.78125 -0.4453125 0.15625 0.78125 0.3515625 0.2421875 0.828125 -0.3515625 0.2421875 0.828125 0 -0.9453125 0.640625 0 -0.984375 0.578125 0.1796875 -0.96875 0.5546875 0.1640625 -0.9296875 0.6328125 -0.1796875 -0.96875 0.5546875 -0.1640625 -0.9296875 0.6328125 0.328125 -0.9453125 0.5234375 0.234375 -0.9140625 0.6328125 -0.328125 -0.9453125 0.5234375 -0.234375 -0.9140625 0.6328125 0.3671875 -0.890625 0.53125 0.265625 -0.8203125 0.6640625 -0.3671875 -0.890625 0.53125 -0.265625 -0.8203125 0.6640625 0.3515625 -0.6953125 0.5703125 0.25 -0.703125 0.6875 -0.3515625 -0.6953125 0.5703125 -0.25 -0.703125 0.6875 0.2109375 -0.4453125 0.7109375 0.3125 -0.4375 0.5703125 -0.2109375 -0.4453125 0.7109375 -0.3125 -0.4375 0.5703125 0.125 -0.1015625 0.8125 0.203125 -0.1875 0.5625 0.4375 -0.140625 0.53125 0.3984375 -0.046875 0.671875 -0.4375 -0.140625 0.53125 -0.203125 -0.1875 0.5625 -0.125 -0.1015625 0.8125 -0.3984375 -0.046875 0.671875 0.6328125 -0.0390625 0.5390625 0.6171875 0.0546875 0.625 -0.6328125 -0.0390625 0.5390625 -0.6171875 0.0546875 0.625 0.828125 0.1484375 0.4453125 0.7265625 0.203125 0.6015625 -0.828125 0.1484375 0.4453125 -0.7265625 0.203125 0.6015625 0.859375 0.4296875 0.59375 0.7421875 0.375 0.65625 -0.859375 0.4296875 0.59375 -0.7421875 0.375 0.65625 0.6875 0.4140625 0.7265625 0.7109375 0.484375 0.625 -0.6875 0.4140625 0.7265625 -0.7109375 0.484375 0.625 0.4375 0.546875 0.796875 0.4921875 0.6015625 0.6875 -0.4375 0.546875 0.796875 -0.4921875 0.6015625 0.6875 0.3125 0.640625 0.8359375 0.3203125 0.7578125 0.734375 -0.3125 0.640625 0.8359375 -0.3203125 0.7578125 0.734375 0.15625 0.71875 0.7578125 0.203125 0.6171875 0.8515625 -0.203125 0.6171875 0.8515625 -0.15625 0.71875 0.7578125 0.0625 0.4921875 0.75 0.1015625 0.4296875 0.84375 -0.1015625 0.4296875 0.84375 -0.0625 0.4921875 0.75 0 0.4296875 0.7421875 0 0.3515625 0.8203125 0.1640625 0.4140625 0.7734375 0.25 0.46875 0.7578125 -0.25 0.46875 0.7578125 -0.1640625 0.4140625 0.7734375 0.328125 0.4765625 0.7421875 -0.328125 0.4765625 0.7421875 0.4296875 0.4375 0.71875 -0.4296875 0.4375 0.71875 0.6015625 0.375 0.6640625 -0.6015625 0.375 0.6640625 0.640625 0.296875 0.6484375 -0.640625 0.296875 0.6484375 0.625 0.1875 0.6484375 -0.625 0.1875 0.6484375 0.4921875 0.0625 0.671875 -0.4921875 0.0625 0.671875 0.375 0.015625 0.703125 -0.375 0.015625 0.703125 0.203125 0.09375 0.7421875 -0.203125 0.09375 0.7421875 0 0.046875 0.7265625 0.1640625 0.140625 0.75 -0.1640625 0.140625 0.75 0.125 0.3046875 0.765625 -0.125 0.3046875 0.765625 0 0.2109375 0.765625 0.1328125 0.2109375 0.7578125 -0.1328125 0.2109375 0.7578125 0 -0.890625 0.6875 0.0625 -0.8828125 0.6953125 -0.0625 -0.8828125 0.6953125 0.1171875 -0.8359375 0.7109375 -0.1171875 -0.8359375 0.7109375 0.109375 -0.71875 0.734375 -0.109375 -0.71875 0.734375 0.1171875 -0.6875 0.734375 0.078125 -0.4453125 0.75 -0.1171875 -0.6875 0.734375 -0.078125 -0.4453125 0.75 0 -0.328125 0.7421875 0 -0.4453125 0.75 0.0859375 -0.2890625 0.7421875 -0.0859375 -0.2890625 0.7421875 0 -0.6796875 0.734375 0 -0.765625 0.734375 0.09375 -0.2734375 0.78125 0.125 -0.2265625 0.75 0.1328125 -0.2265625 0.796875 -0.125 -0.2265625 0.75 -0.09375 -0.2734375 0.78125 -0.1328125 -0.2265625 0.796875 0.1015625 -0.1484375 0.7421875 0.109375 -0.1328125 0.78125 -0.1015625 -0.1484375 0.7421875 -0.109375 -0.1328125 0.78125 0 -0.140625 0.7421875 0.0390625 -0.125 0.78125 -0.0390625 -0.125 0.78125 0 -0.1953125 0.75 0 -0.1875 0.796875 0 -0.3203125 0.78125 0 -0.2890625 0.8046875 0.078125 -0.25 0.8046875 -0.078125 -0.25 0.8046875 0 -0.203125 0.828125 0.046875 -0.1484375 0.8125 -0.046875 -0.1484375 0.8125 0.09375 -0.15625 0.8125 -0.09375 -0.15625 0.8125 0.109375 -0.2265625 0.828125 -0.109375 -0.2265625 0.828125 0.1640625 -0.2421875 0.7109375 -0.1640625 -0.2421875 0.7109375 0.1796875 -0.3125 0.7109375 -0.1796875 -0.3125 0.7109375 0.2578125 -0.3125 0.5546875 -0.2578125 -0.3125 0.5546875 0.234375 -0.25 0.5546875 -0.234375 -0.25 0.5546875 0 -0.7734375 0.71875 0.09375 -0.7421875 0.7265625 -0.09375 -0.7421875 0.7265625 0.09375 -0.8203125 0.7109375 -0.09375 -0.8203125 0.7109375 0.046875 -0.8671875 0.6875 -0.046875 -0.8671875 0.6875 0 -0.875 0.6875 0 -0.859375 0.6328125 0.046875 -0.8515625 0.6328125 -0.046875 -0.8515625 0.6328125 0.09375 -0.8125 0.640625 -0.09375 -0.8125 0.640625 0.09375 -0.75 0.6640625 -0.09375 -0.75 0.6640625 0 -0.78125 0.65625 0.1875 0.15625 0.7734375 0.171875 0.21875 0.78125 -0.1875 0.15625 0.7734375 -0.171875 0.21875 0.78125 0.1796875 0.296875 0.78125 -0.1796875 0.296875 0.78125 0.2109375 0.375 0.78125 -0.2109375 0.375 0.78125 0.2265625 0.109375 0.78125 -0.2265625 0.109375 0.78125 0.375 0.0625 0.7421875 -0.375 0.0625 0.7421875 0.4765625 0.1015625 0.71875 -0.4765625 0.1015625 0.71875 0.578125 0.1953125 0.6796875 -0.578125 0.1953125 0.6796875 0.5859375 0.2890625 0.6875 -0.5859375 0.2890625 0.6875 0.5625 0.3515625 0.6953125 -0.5625 0.3515625 0.6953125 0.421875 0.3984375 0.7734375 -0.421875 0.3984375 0.7734375 0.3359375 0.4296875 0.7578125 -0.3359375 0.4296875 0.7578125 0.2734375 0.421875 0.7734375 -0.2734375 0.421875 0.7734375 0.234375 0.359375 0.7578125 0.28125 0.3984375 0.765625 -0.28125 0.3984375 0.765625 -0.234375 0.359375 0.7578125 0.3359375 0.40625 0.75 -0.3359375 0.40625 0.75 0.4140625 0.390625 0.75 -0.4140625 0.390625 0.75 0.53125 0.3359375 0.6796875 -0.53125 0.3359375 0.6796875 0.5546875 0.28125 0.671875 -0.5546875 0.28125 0.671875 0.546875 0.2109375 0.671875 -0.546875 0.2109375 0.671875 0.4609375 0.1171875 0.703125 -0.4609375 0.1171875 0.703125 0.375 0.0859375 0.7265625 -0.375 0.0859375 0.7265625 0.2421875 0.125 0.7578125 -0.2421875 0.125 0.7578125 0.203125 0.171875 0.75 -0.203125 0.171875 0.75 0.1953125 0.296875 0.7578125 -0.1953125 0.296875 0.7578125 0.1953125 0.2265625 0.75 -0.1953125 0.2265625 0.75 0.109375 0.4609375 0.609375 0 0.40625 0.6015625 -0.109375 0.4609375 0.609375 0.1953125 0.6640625 0.6171875 -0.1953125 0.6640625 0.6171875 0.3359375 0.6875 0.59375 -0.3359375 0.6875 0.59375 0.484375 0.5546875 0.5546875 -0.484375 0.5546875 0.5546875 0.6796875 0.453125 0.4921875 -0.6796875 0.453125 0.4921875 0.796875 0.40625 0.4609375 -0.796875 0.40625 0.4609375 0.7734375 0.1640625 0.375 -0.7734375 0.1640625 0.375 0.6015625 0 0.4140625 -0.6015625 0 0.4140625 0.4375 -0.09375 0.46875 -0.4375 -0.09375 0.46875 0.125 -0.5390625 0.359375 0 -0.5703125 0.3203125 0 -0.484375 0.28125 0.1796875 -0.4140625 0.2578125 0 -0.484375 0.28125 0 -0.5703125 0.3203125 -0.125 -0.5390625 0.359375 -0.1796875 -0.4140625 0.2578125 0.140625 -0.7578125 0.3671875 0 -0.8046875 0.34375 0 -0.8046875 0.34375 -0.140625 -0.7578125 0.3671875 0.1640625 -0.9453125 0.4375 0 -0.9765625 0.4609375 -0.1640625 -0.9453125 0.4375 0.328125 -0.9140625 0.3984375 -0.328125 -0.9140625 0.3984375 0.2890625 -0.7109375 0.3828125 -0.2890625 -0.7109375 0.3828125 0.25 -0.5 0.390625 -0.25 -0.5 0.390625 0.234375 -0.3515625 0.40625 -0.234375 -0.3515625 0.40625 0.21875 -0.28125 0.4296875 0.2109375 -0.2265625 0.46875 -0.21875 -0.28125 0.4296875 -0.2109375 -0.2265625 0.46875 0.203125 -0.171875 0.5 -0.203125 -0.171875 0.5 0.34375 -0.1484375 -0.5390625 0 -0.1953125 -0.671875 0 0.0703125 -0.828125 0.3359375 0.0546875 -0.6640625 0 0.0703125 -0.828125 0 -0.1953125 -0.671875 -0.34375 -0.1484375 -0.5390625 -0.3359375 0.0546875 -0.6640625 0.296875 -0.3125 -0.265625 0 -0.3828125 -0.3515625 0 -0.3828125 -0.3515625 -0.296875 -0.3125 -0.265625 0.2109375 -0.390625 0.1640625 0 -0.4609375 0.1875 0 -0.4609375 0.1875 -0.2109375 -0.390625 0.1640625 0.734375 -0.046875 0.0703125 0.8515625 0.234375 0.0546875 -0.8515625 0.234375 0.0546875 -0.734375 -0.046875 0.0703125 0.4609375 0.4375 -0.703125 0 0.5625 -0.8515625 -0.4609375 0.4375 -0.703125 0 0.5625 -0.8515625 0 0.8984375 0.2890625 0.453125 0.8515625 0.234375 0.453125 0.9296875 -0.0703125 0 0.984375 -0.078125 -0.453125 0.9296875 -0.0703125 -0.453125 0.8515625 0.234375 0 0.8984375 0.2890625 0 0.984375 -0.078125 0.453125 0.8671875 -0.3828125 0 0.8984375 -0.546875 0 0.8984375 -0.546875 -0.453125 0.8671875 -0.3828125 0.6796875 0.453125 0.4921875 0.7265625 0.40625 0.3359375 0.6328125 0.453125 0.28125 -0.7265625 0.40625 0.3359375 -0.6796875 0.453125 0.4921875 -0.6328125 0.453125 0.28125 0.796875 0.5625 0.125 0.640625 0.703125 0.0546875 -0.796875 0.5625 0.125 -0.640625 0.703125 0.0546875 0.796875 0.6171875 -0.1171875 0.640625 0.75 -0.1953125 -0.796875 0.6171875 -0.1171875 -0.640625 0.75 -0.1953125 0.796875 0.5390625 -0.359375 0.640625 0.6796875 -0.4453125 -0.640625 0.6796875 -0.4453125 -0.796875 0.5390625 -0.359375 0.7734375 0.265625 -0.4375 0.6171875 0.328125 -0.5859375 -0.6171875 0.328125 -0.5859375 -0.7734375 0.265625 -0.4375 0.4609375 0.5234375 0.4296875 -0.4609375 0.5234375 0.4296875 0.484375 0.5546875 0.5546875 -0.484375 0.5546875 0.5546875 0 0.5703125 0.5703125 0 0.5703125 0.5703125 0.109375 0.4609375 0.609375 0.1953125 0.6640625 0.6171875 0.3359375 0.6875 0.59375 -0.1953125 0.6640625 0.6171875 -0.109375 0.4609375 0.609375 -0.3359375 0.6875 0.59375 0 0.40625 0.6015625 0 0.40625 0.6015625 0.859375 0.3203125 -0.046875 -0.859375 0.3203125 -0.046875 0.8203125 0.328125 -0.203125 -0.8203125 0.328125 -0.203125 0.40625 -0.171875 0.1484375 0.4296875 -0.1953125 -0.2109375 -0.40625 -0.171875 0.1484375 -0.4296875 -0.1953125 -0.2109375 0.59375 -0.125 -0.1640625 -0.59375 -0.125 -0.1640625 0.640625 -0.0078125 -0.4296875 0.484375 0.0234375 -0.546875 -0.484375 0.0234375 -0.546875 -0.640625 -0.0078125 -0.4296875 0.890625 0.40625 -0.234375 0.921875 0.359375 -0.21875 1.015625 0.4140625 -0.2890625 1.02343797683716 0.4765625 -0.3125 -1.015625 0.4140625 -0.2890625 -0.921875 0.359375 -0.21875 -0.890625 0.40625 -0.234375 -1.02343797683716 0.4765625 -0.3125 1.1875 0.4375 -0.390625 1.234375 0.5078125 -0.421875 -1.1875 0.4375 -0.390625 -1.234375 0.5078125 -0.421875 1.265625 0.2890625 -0.40625 1.35156297683716 0.3203125 -0.421875 -1.35156297683716 0.3203125 -0.421875 -1.265625 0.2890625 -0.40625 1.21093797683716 0.078125 -0.40625 1.28125 0.0546875 -0.4296875 -1.28125 0.0546875 -0.4296875 -1.21093797683716 0.078125 -0.40625 1.03125 -0.0390625 -0.3046875 1.03906297683716 -0.1015625 -0.328125 -1.03906297683716 -0.1015625 -0.328125 -1.03125 -0.0390625 -0.3046875 0.828125 -0.0703125 -0.1328125 0.7734375 -0.140625 -0.125 -0.7734375 -0.140625 -0.125 -0.828125 -0.0703125 -0.1328125 0.8828125 -0.0234375 -0.2109375 1.03906297683716 0 -0.3671875 -0.8828125 -0.0234375 -0.2109375 -1.03906297683716 0 -0.3671875 1.1875 0.09375 -0.4453125 -1.1875 0.09375 -0.4453125 1.234375 0.25 -0.4453125 -1.234375 0.25 -0.4453125 1.171875 0.359375 -0.4375 -1.171875 0.359375 -0.4375 1.02343797683716 0.34375 -0.359375 -1.02343797683716 0.34375 -0.359375 0.9453125 0.3046875 -0.2890625 -0.9453125 0.3046875 -0.2890625 0.71875 -0.0234375 -0.171875 0.7265625 0 -0.0703125 -0.71875 -0.0234375 -0.171875 -0.7265625 0 -0.0703125 0.59375 -0.125 -0.1640625 0.71875 -0.0234375 -0.171875 -0.59375 -0.125 -0.1640625 -0.71875 -0.0234375 -0.171875 0.8203125 0.328125 -0.203125 0.84375 0.2890625 -0.2109375 -0.84375 0.2890625 -0.2109375 -0.8203125 0.328125 -0.203125 0.8125 -0.015625 -0.2734375 -0.8125 -0.015625 -0.2734375 0.71875 0.0390625 -0.1875 0.84375 0.015625 -0.2734375 -0.71875 0.0390625 -0.1875 -0.84375 0.015625 -0.2734375 0.8203125 0.0859375 -0.2734375 0.7578125 0.09375 -0.2734375 -0.8203125 0.0859375 -0.2734375 -0.7578125 0.09375 -0.2734375 0.796875 0.203125 -0.2109375 0.8359375 0.171875 -0.2734375 -0.796875 0.203125 -0.2109375 -0.8359375 0.171875 -0.2734375 0.890625 0.2421875 -0.265625 -0.890625 0.2421875 -0.265625 0.796875 0.203125 -0.2109375 0.84375 0.2890625 -0.2109375 -0.84375 0.2890625 -0.2109375 -0.796875 0.203125 -0.2109375 0.71875 0.0390625 -0.1875 -0.71875 0.0390625 -0.1875 0.890625 0.234375 -0.3203125 0.953125 0.2890625 -0.34375 -0.953125 0.2890625 -0.34375 -0.890625 0.234375 -0.3203125 0.84375 0.171875 -0.3203125 -0.84375 0.171875 -0.3203125 0.765625 0.09375 -0.3203125 -0.765625 0.09375 -0.3203125 0.828125 0.078125 -0.3203125 -0.828125 0.078125 -0.3203125 0.8515625 0.015625 -0.3203125 -0.8515625 0.015625 -0.3203125 0.8125 -0.015625 -0.3203125 -0.8125 -0.015625 -0.3203125 0.8828125 -0.015625 -0.265625 -0.8828125 -0.015625 -0.265625 1.03906297683716 0.328125 -0.4140625 -1.03906297683716 0.328125 -0.4140625 1.1875 0.34375 -0.484375 -1.1875 0.34375 -0.484375 1.25781297683716 0.2421875 -0.4921875 -1.25781297683716 0.2421875 -0.4921875 1.21093797683716 0.0859375 -0.484375 -1.21093797683716 0.0859375 -0.484375 1.046875 0 -0.421875 -1.046875 0 -0.421875 0.9375 0.0625 -0.3359375 0.890625 0.109375 -0.328125 -0.9375 0.0625 -0.3359375 -0.890625 0.109375 -0.328125 1 0.125 -0.3671875 0.9609375 0.171875 -0.3515625 -1 0.125 -0.3671875 -0.9609375 0.171875 -0.3515625 1.05468797683716 0.1875 -0.3828125 1.015625 0.234375 -0.375 -1.05468797683716 0.1875 -0.3828125 -1.015625 0.234375 -0.375 1.109375 0.2109375 -0.390625 1.08593797683716 0.2734375 -0.390625 -1.109375 0.2109375 -0.390625 -1.08593797683716 0.2734375 -0.390625 0.7890625 -0.125 -0.328125 1.03906297683716 -0.0859375 -0.4921875 -0.7890625 -0.125 -0.328125 -1.03906297683716 -0.0859375 -0.4921875 1.3125 0.0546875 -0.53125 -1.3125 0.0546875 -0.53125 1.36718797683716 0.296875 -0.5 -1.36718797683716 0.296875 -0.5 1.25 0.46875 -0.546875 1.234375 0.5078125 -0.421875 -1.25 0.46875 -0.546875 -1.234375 0.5078125 -0.421875 1.02343797683716 0.4375 -0.484375 1.02343797683716 0.4765625 -0.3125 -1.02343797683716 0.4765625 -0.3125 -1.02343797683716 0.4375 -0.484375 0.859375 0.3828125 -0.3828125 0.890625 0.40625 -0.234375 -0.890625 0.40625 -0.234375 -0.859375 0.3828125 -0.3828125 0.859375 0.3828125 -0.3828125 0.890625 0.40625 -0.234375 -0.8203125 0.328125 -0.203125 -0.7734375 0.265625 -0.4375 0.640625 -0.0078125 -0.4296875 0.7734375 0.265625 -0.4375 -0.640625 -0.0078125 -0.4296875" />
					</IndexedTriangleSet>
				</Shape>
			</Transform>
		</Transform>
		<Transform DEF="Suzanne-001"
			scale="0.486531585454941 0.486531585454941 0.486531585454941"
			translation="-1.22663199901581 0.578555881977081 -1.61203801631927">
			<Shape DEF="Suzanne-001_1">
				<Appearance USE="Material-001" />
				<IndexedTriangleSet
					index="0 1 2 3 0 2 4 5 6 4 6 7 1 8 9 2 1 9 10 11 5 10 5 4 12 13 8 1 12 8 11 14 15 11 15 5 16 12 1 16 1 0 5 15 17 6 5 17 18 12 16 19 18 16 17 15 20 17 20 21 22 13 12 22 12 18 15 14 23 20 15 23 24 22 18 24 18 25 20 23 26 27 20 26 25 18 19 25 19 28 21 20 27 29 21 27 30 25 28 30 28 31 29 27 32 33 29 32 34 24 25 34 25 30 27 26 35 32 27 35 34 30 36 37 34 36 38 32 35 38 35 39 30 31 40 30 40 36 41 33 32 38 41 32 40 42 43 36 40 43 44 45 41 44 41 38 36 43 46 36 46 37 47 44 38 39 47 38 43 2 9 43 9 46 10 4 44 47 10 44 3 2 43 42 3 43 44 4 7 44 7 45 48 3 42 49 48 42 45 7 50 45 50 51 49 42 40 52 49 40 41 45 51 41 51 53 40 31 54 40 54 52 55 33 41 53 55 41 28 56 54 31 28 54 55 57 29 55 29 33 19 58 56 28 19 56 57 59 21 57 21 29 16 60 58 19 16 58 59 61 17 59 17 21 62 60 16 62 16 0 17 61 63 6 17 63 48 62 0 48 0 3 6 63 50 7 6 50 64 62 48 50 63 65 60 62 64 65 63 61 64 58 60 61 59 65 64 56 58 59 57 65 64 54 56 57 55 65 64 52 54 55 53 65 64 49 52 53 51 65 64 48 49 51 50 65 66 67 68 66 68 69 70 67 66 71 70 66 69 68 72 69 72 73 74 70 71 75 74 71 73 72 76 77 73 76 78 74 75 78 75 79 77 76 80 81 77 80 82 78 79 82 79 83 84 81 80 84 80 85 82 83 86 87 82 86 88 89 90 88 90 91 92 93 94 95 92 94 91 90 96 97 91 96 98 92 95 98 95 99 97 96 100 101 97 100 102 98 99 102 99 103 101 100 104 105 101 104 106 102 103 106 103 107 108 105 104 109 108 104 106 107 110 106 110 111 112 108 109 112 109 113 111 110 114 115 111 114 116 112 113 116 113 117 115 114 118 119 115 118 120 121 116 120 116 117 118 122 123 119 118 123 124 125 121 120 124 121 122 126 127 122 127 123 128 129 125 124 128 125 126 129 128 127 126 128 125 130 131 121 125 131 132 133 126 132 126 122 121 131 134 121 134 116 135 132 122 118 135 122 134 136 112 116 134 112 114 137 135 114 135 118 136 138 108 136 108 112 110 139 137 114 110 137 138 140 105 108 138 105 107 141 139 110 107 139 140 142 101 140 101 105 103 143 141 107 103 141 144 97 101 142 144 101 103 99 145 103 145 143 146 91 97 144 146 97 99 95 147 99 147 145 148 88 91 148 91 146 95 94 149 147 95 149 150 88 148 151 150 148 149 94 150 149 150 152 129 153 130 125 129 130 133 154 129 133 129 126 129 155 156 129 156 153 157 155 129 154 157 129 155 150 151 155 151 156 152 150 155 157 152 155 158 66 69 158 69 159 71 66 158 160 71 158 159 69 73 159 73 161 75 71 160 162 75 160 161 73 77 163 161 77 79 75 162 79 162 164 165 81 84 166 165 84 86 83 167 86 167 168 163 77 81 165 163 81 83 79 164 83 164 167 169 170 166 169 166 171 168 170 169 172 168 169 173 165 166 170 173 166 168 167 173 168 173 170 173 174 163 173 163 165 164 174 173 167 164 173 175 171 176 177 175 176 178 172 179 178 179 180 177 176 181 182 177 181 183 178 180 183 180 184 182 181 185 182 185 186 185 183 184 187 185 184 185 188 189 185 189 186 189 188 185 187 189 185 190 169 171 175 190 171 172 169 190 172 190 179 191 190 175 192 191 175 179 190 191 179 191 193 189 194 195 186 189 195 196 194 189 196 189 187 195 197 182 186 195 182 184 198 196 184 196 187 197 199 177 197 177 182 180 200 198 184 180 198 192 175 177 199 192 177 180 179 193 180 193 200 194 199 197 195 194 197 198 200 194 198 194 196 194 191 192 194 192 199 193 191 194 200 193 194 185 181 88 150 185 88 94 183 185 94 185 150 176 201 88 181 176 88 94 202 178 94 178 183 171 203 201 176 171 201 202 204 172 202 172 178 166 84 203 171 166 203 204 86 168 204 168 172 203 84 85 203 85 205 87 86 204 206 87 204 203 205 207 201 203 207 208 206 204 208 204 202 201 207 89 88 201 89 93 208 202 93 202 94 174 209 210 163 174 210 211 209 174 211 174 164 212 161 163 210 212 163 164 162 213 164 213 211 214 159 161 212 214 161 162 160 215 162 215 213 216 158 159 216 159 214 160 158 216 215 160 216 217 216 214 217 214 218 215 216 217 219 215 217 218 214 212 220 218 212 213 215 219 213 219 221 220 212 210 222 220 210 211 213 221 211 221 223 209 224 222 210 209 222 223 224 209 223 209 211 224 217 218 224 218 222 219 217 224 223 219 224 222 218 220 221 219 223 156 151 225 156 225 226 227 152 157 228 227 157 153 156 226 153 226 229 228 157 154 230 228 154 153 229 231 130 153 231 232 230 154 232 154 133 151 148 233 151 233 225 234 149 152 227 234 152 148 146 235 148 235 233 236 147 149 234 236 149 235 146 144 237 235 144 145 147 236 238 145 236 237 144 142 239 237 142 143 145 238 143 238 240 239 142 140 241 239 140 141 143 240 141 240 242 243 241 140 243 140 138 141 242 244 139 141 244 245 243 138 245 138 136 139 244 246 137 139 246 247 245 136 134 247 136 137 246 248 137 248 135 131 249 247 131 247 134 248 250 132 135 248 132 130 231 249 131 130 249 250 232 133 250 133 132 231 251 252 249 231 252 253 254 232 253 232 250 249 252 255 249 255 247 256 253 250 248 256 250 255 257 245 255 245 247 246 258 256 248 246 256 257 259 243 257 243 245 244 260 258 246 244 258 259 261 241 259 241 243 242 262 260 244 242 260 263 239 241 261 263 241 242 240 264 242 264 262 265 237 239 263 265 239 240 238 266 240 266 264 267 235 237 265 267 237 238 236 268 238 268 266 233 235 267 233 267 269 268 236 234 270 268 234 225 233 269 225 269 271 270 234 227 272 270 227 229 273 251 231 229 251 254 274 230 254 230 232 229 226 275 229 275 273 276 228 230 274 276 230 226 225 271 226 271 275 272 227 228 276 272 228 277 278 128 277 128 124 128 278 279 127 128 279 280 277 124 280 124 120 127 279 281 123 127 281 282 280 120 117 282 120 123 281 283 123 283 119 113 284 282 117 113 282 283 285 115 283 115 119 109 286 284 113 109 284 285 287 111 285 111 115 104 288 286 109 104 286 287 289 106 287 106 111 104 100 290 104 290 288 291 102 106 289 291 106 100 96 292 100 292 290 293 98 102 291 293 102 96 90 294 96 294 292 295 92 98 293 295 98 296 297 298 299 296 298 300 301 302 300 302 303 304 305 297 296 304 297 301 306 307 301 307 302 308 309 305 304 308 305 306 309 310 306 310 307 68 67 309 68 309 308 309 67 70 310 309 70 72 68 308 311 72 308 310 70 74 312 310 74 76 72 311 76 311 313 312 74 78 314 312 78 80 76 313 80 313 315 314 78 82 316 314 82 313 304 296 315 313 296 302 307 314 302 314 316 311 308 304 313 311 304 307 310 312 307 312 314 315 296 299 317 315 299 303 302 316 303 316 318 85 80 315 85 315 317 316 82 87 318 316 87 207 205 319 207 319 320 321 206 208 322 321 208 205 85 317 205 317 319 318 87 206 321 318 206 89 207 320 89 320 323 322 208 93 324 322 93 90 89 323 90 323 294 324 93 92 295 324 92 325 326 327 328 325 327 329 330 331 329 331 332 333 334 326 325 333 326 330 335 336 330 336 331 337 338 334 333 337 334 335 339 340 335 340 336 299 298 338 299 338 337 339 300 303 340 339 303 317 299 337 317 337 319 340 303 318 321 340 318 292 341 342 290 292 342 343 344 293 343 293 291 345 328 327 345 327 346 329 332 347 348 329 347 349 350 351 352 349 351 353 354 355 353 355 356 351 357 358 351 358 352 359 360 353 356 359 353 357 345 346 357 346 358 348 347 360 359 348 360 361 288 362 361 362 363 364 289 365 366 364 365 363 362 367 368 363 367 369 364 366 369 366 370 368 367 371 368 371 372 373 369 370 374 373 370 371 375 376 372 371 376 377 378 373 377 373 374 375 379 380 375 380 376 381 382 378 377 381 378 376 380 345 376 345 357 347 381 377 360 347 377 372 376 357 351 372 357 360 377 374 360 374 353 350 368 372 350 372 351 374 370 354 353 374 354 383 363 368 350 383 368 370 366 384 370 384 354 361 363 383 385 361 383 384 366 365 384 365 386 387 383 350 349 387 350 354 384 388 354 388 355 385 389 390 391 385 390 392 393 386 392 386 394 387 389 385 387 385 383 386 393 388 384 386 388 395 389 387 388 393 396 288 290 342 288 342 362 343 291 289 364 343 289 362 342 397 362 397 367 398 343 364 369 398 364 367 397 399 367 399 371 400 398 369 373 400 369 399 379 375 371 399 375 378 382 400 378 400 373 401 337 333 401 333 402 336 340 403 404 336 403 401 402 405 341 401 405 406 404 403 406 403 344 294 401 341 292 294 341 344 403 295 344 295 293 320 319 401 294 320 401 403 321 322 403 322 295 319 337 401 403 340 321 294 323 320 322 324 295 379 407 408 379 408 380 409 410 382 381 409 382 380 408 328 380 328 345 332 409 381 347 332 381 405 402 408 407 405 408 409 404 406 409 406 410 402 333 325 408 402 325 331 336 404 331 404 409 328 408 325 331 409 332 411 412 413 414 411 413 415 416 417 415 417 418 414 413 419 414 419 420 421 415 418 422 421 418 419 423 424 419 424 420 425 426 421 422 425 421 427 428 424 423 427 424 425 429 430 425 430 426 431 432 428 427 431 428 429 433 434 429 434 430 435 436 432 435 432 431 433 437 438 434 433 438 439 435 431 439 431 440 434 438 441 442 434 441 440 431 427 443 440 427 430 434 442 430 442 444 443 427 423 445 443 423 426 430 444 426 444 446 447 445 423 447 423 419 426 446 448 421 426 448 413 449 447 413 447 419 448 450 415 421 448 415 412 451 449 412 449 413 450 452 416 415 450 416 341 405 453 454 341 453 455 406 344 455 344 456 457 436 435 458 457 435 438 437 459 438 459 460 342 341 454 342 454 397 456 344 343 398 456 343 461 462 412 411 461 412 416 463 464 416 464 417 458 435 439 465 458 439 441 438 460 466 441 460 467 458 465 467 465 468 466 460 469 470 466 469 467 468 471 472 467 471 473 470 469 473 469 474 475 467 472 475 472 476 474 469 477 478 474 477 475 476 479 462 475 479 480 478 477 480 477 463 462 479 451 412 462 451 452 480 463 452 463 416 397 481 482 397 482 399 483 484 398 400 483 398 397 454 485 397 485 481 486 456 398 484 486 398 454 453 485 486 455 456 479 487 488 451 479 488 489 490 480 489 480 452 479 476 491 479 491 487 492 478 480 490 492 480 472 493 491 476 472 491 492 494 474 492 474 478 471 495 493 472 471 493 494 496 473 494 473 474 468 497 495 471 468 495 496 498 470 496 470 473 465 499 497 468 465 497 498 500 466 498 466 470 465 439 501 499 465 501 502 441 466 502 466 500 451 488 503 449 451 503 504 489 452 504 452 450 449 503 505 447 449 505 506 504 450 506 450 448 505 507 445 505 445 447 446 508 506 448 446 506 507 509 443 507 443 445 444 510 508 446 444 508 509 511 440 509 440 443 442 512 510 444 442 510 501 439 440 511 501 440 442 441 502 442 502 512 495 497 513 495 513 514 515 498 496 516 515 496 514 513 517 518 514 517 519 515 516 519 516 520 518 517 521 522 518 521 523 519 520 523 520 524 522 521 525 522 525 526 527 523 524 528 527 524 488 522 526 488 526 503 528 524 489 504 528 489 487 518 522 488 487 522 524 520 490 489 524 490 491 514 518 487 491 518 520 516 492 490 520 492 493 495 514 491 493 514 516 496 494 516 494 492 499 501 497 497 501 513 515 502 498 498 502 500 513 501 511 513 511 517 512 502 515 519 512 515 517 511 509 517 509 521 510 512 519 523 510 519 521 509 507 525 521 507 508 510 523 508 523 527 526 525 507 526 507 505 508 527 528 506 508 528 503 526 505 506 528 504 432 436 529 432 529 530 531 437 433 532 531 433 428 432 530 428 530 533 532 433 429 534 532 429 424 428 533 424 533 535 534 429 425 536 534 425 424 535 537 538 424 537 539 536 425 539 425 540 537 541 542 538 537 542 543 544 539 543 539 540 541 545 546 541 546 542 547 548 544 543 547 544 530 529 545 541 530 545 548 531 532 548 532 544 533 530 541 537 533 541 544 532 534 544 534 539 537 535 533 534 536 539 549 379 399 549 399 550 551 552 548 547 551 548 545 529 553 545 553 554 555 531 548 552 555 548 529 436 457 553 529 457 459 437 531 555 459 531"
					solid="false">
					<Normal
						vector="0.727683424949646 -0.654499888420105 0.205084398388863 0.604022324085236 -0.510238885879517 0.612170815467834 0.802057027816772 -0.00338755501434207 0.597186207771301 0.977690994739532 -0.0110171800479293 0.209723204374313 -0.802057027816772 -0.00338755501434207 0.597186207771301 -0.604022324085236 -0.510238885879517 0.612170815467834 -0.727683424949646 -0.654499888420105 0.205084398388863 -0.977690994739532 -0.0110171800479293 0.209723204374313 0.682943224906921 -0.547471523284912 0.483535289764404 0.8684042096138 -0.00326548097655177 0.495773196220398 -0.8684042096138 -0.00326548097655177 0.495773196220398 -0.682943224906921 -0.547471523284912 0.483535289764404 0.09820856153965 -0.750968873500824 0.652974009513855 0.11587879806757 -0.86696982383728 0.484664410352707 -0.11587879806757 -0.86696982383728 0.484664410352707 -0.09820856153965 -0.750968873500824 0.652974009513855 0.0375072509050369 -0.965056300163269 0.259224206209183 -0.0375072509050369 -0.965056300163269 0.259224206209183 -0.451368689537048 -0.539323091506958 0.710867583751678 -0.655354499816895 -0.69280070066452 0.300820887088776 0.451368689537048 -0.539323091506958 0.710867583751678 0.655354499816895 -0.69280070066452 0.300820887088776 -0.551225304603577 -0.635792076587677 0.540208220481873 0.551225304603577 -0.635792076587677 0.540208220481873 -0.814783215522766 -0.00378429493866861 0.579699099063873 -0.693990886211395 -0.00350962905213237 0.719931721687317 0.814783215522766 -0.00378429493866861 0.579699099063873 0.693990886211395 -0.00350962905213237 0.719931721687317 -0.946043312549591 -0.0128482896834612 0.32367929816246 0.946043312549591 -0.0128482896834612 0.32367929816246 -0.455122500658035 0.525071024894714 0.719107627868652 -0.662160098552704 0.691396772861481 0.288918703794479 0.455122500658035 0.525071024894714 0.719107627868652 0.662160098552704 0.691396772861481 0.288918703794479 -0.529770791530609 0.626575529575348 0.571581184864044 0.529770791530609 0.626575529575348 0.571581184864044 0.10187079757452 0.74013489484787 0.664662599563599 0.122409701347351 0.837305784225464 0.532822728157043 -0.10187079757452 0.74013489484787 0.664662599563599 -0.122409701347351 0.837305784225464 0.532822728157043 0.0320749506354332 0.971007406711578 0.236854195594788 -0.0320749506354332 0.971007406711578 0.236854195594788 0.732047498226166 0.6527299284935 0.19492170214653 0.60844761133194 0.494918704032898 0.620288729667664 -0.60844761133194 0.494918704032898 0.620288729667664 -0.732047498226166 0.6527299284935 0.19492170214653 0.672200679779053 0.538132905960083 0.508438289165497 -0.672200679779053 0.538132905960083 0.508438289165497 0.973723590373993 -0.0122074000537395 0.227271303534508 0.721976399421692 0.649861216545105 0.23743399977684 -0.973723590373993 -0.0122074000537395 0.227271303534508 -0.721976399421692 0.649861216545105 0.23743399977684 0.0374462082982063 0.933561205863953 0.356395214796066 -0.0374462082982063 0.933561205863953 0.356395214796066 -0.626331388950348 0.647022902965546 0.434766709804535 0.626331388950348 0.647022902965546 0.434766709804535 -0.911252200603485 -0.0122684398666024 0.411603093147278 0.911252200603485 -0.0122684398666024 0.411603093147278 -0.618121922016144 -0.65376752614975 0.436414688825607 0.618121922016144 -0.65376752614975 0.436414688825607 0.0369273908436298 -0.935087084770203 0.352397203445435 -0.0369273908436298 -0.935087084770203 0.352397203445435 0.715048670768738 -0.656880378723145 0.239051505923271 -0.715048670768738 -0.656880378723145 0.239051505923271 0.183599397540092 -0.00531022110953927 0.982970714569092 -0.183599397540092 -0.00531022110953927 0.982970714569092 0 -0.792168974876404 0.61024808883667 0 -0.977721512317657 0.209814801812172 0.157628104090691 -0.974486470222473 0.159581303596497 0.167851805686951 -0.753471493721008 0.635639488697052 -0.157628104090691 -0.974486470222473 0.159581303596497 -0.167851805686951 -0.753471493721008 0.635639488697052 0.654103219509125 -0.74175238609314 0.14798429608345 0.362987190485001 -0.618396580219269 0.69695121049881 -0.654103219509125 -0.74175238609314 0.14798429608345 -0.362987190485001 -0.618396580219269 0.69695121049881 0.969573020935059 -0.147282302379608 0.195379495620728 0.555894672870636 -0.215979501605034 0.802667319774628 -0.969573020935059 -0.147282302379608 0.195379495620728 -0.555894672870636 -0.215979501605034 0.802667319774628 0.975768327713013 0.0948515236377716 0.197027504444122 0.56782740354538 -0.0329599902033806 0.822443306446075 -0.975768327713013 0.0948515236377716 0.197027504444122 -0.56782740354538 -0.0329599902033806 0.822443306446075 0.587206721305847 0.111941896378994 0.801629722118378 0.965117275714874 0.218939796090126 0.143498003482819 -0.587206721305847 0.111941896378994 0.801629722118378 -0.965117275714874 0.218939796090126 0.143498003482819 0.0663167163729668 -0.192907497286797 0.978942215442657 0.905301094055176 -0.389111012220383 0.170262798666954 0.360545694828033 -0.931608021259308 0.045442059636116 0.380870997905731 -0.51756340265274 0.766167223453522 -0.360545694828033 -0.931608021259308 0.045442059636116 -0.905301094055176 -0.389111012220383 0.170262798666954 -0.0663167163729668 -0.192907497286797 0.978942215442657 -0.380870997905731 -0.51756340265274 0.766167223453522 0.588885188102722 -0.790795624256134 0.166783705353737 0.49873349070549 -0.401135295629501 0.768303513526917 -0.588885188102722 -0.790795624256134 0.166783705353737 -0.49873349070549 -0.401135295629501 0.768303513526917 0.91262549161911 -0.402722209692001 -0.0697958320379257 0.548905909061432 -0.326578587293625 0.769402086734772 -0.91262549161911 -0.402722209692001 -0.0697958320379257 -0.548905909061432 -0.326578587293625 0.769402086734772 0.880123317241669 0.423841089010239 0.213782206177711 0.487533211708069 -0.147038206458092 0.860591471195221 -0.880123317241669 0.423841089010239 0.213782206177711 -0.487533211708069 -0.147038206458092 0.860591471195221 0.341685205698013 -0.0325327292084694 0.939237713813782 0.509964287281036 0.833002686500549 0.214392498135567 -0.341685205698013 -0.0325327292084694 0.939237713813782 -0.509964287281036 0.833002686500549 0.214392498135567 0.314126998186111 -0.0303659196943045 0.948881506919861 0.597765982151031 0.78377628326416 0.168309599161148 -0.314126998186111 -0.0303659196943045 0.948881506919861 -0.597765982151031 0.78377628326416 0.168309599161148 0.271126389503479 0.213019207119942 0.938657820224762 0.228278502821922 0.95880001783371 0.168919995427132 -0.271126389503479 0.213019207119942 0.938657820224762 -0.228278502821922 0.95880001783371 0.168919995427132 -0.598681628704071 0.77733701467514 0.192999094724655 -0.16425059735775 0.159032002091408 0.973479390144348 0.16425059735775 0.159032002091408 0.973479390144348 0.598681628704071 0.77733701467514 0.192999094724655 -0.791741728782654 0.582872986793518 0.182561695575714 -0.0729392394423485 -0.0286874007433653 0.996917605400085 0.0729392394423485 -0.0286874007433653 0.996917605400085 0.791741728782654 0.582872986793518 0.182561695575714 0 0.959532380104065 0.28156378865242 0 -0.0240790992975235 0.99969482421875 0.265388995409012 -0.203955203294754 0.942289471626282 0.266029804944992 -0.125705704092979 0.955717623233795 -0.266029804944992 -0.125705704092979 0.955717623233795 -0.265388995409012 -0.203955203294754 0.942289471626282 0.133426904678345 -0.0974761173129082 0.986236214637756 -0.133426904678345 -0.0974761173129082 0.986236214637756 0.197821006178856 -0.0104373302310705 0.980162978172302 -0.197821006178856 -0.0104373302310705 0.980162978172302 0.241340398788452 -0.306710988283157 0.920682370662689 -0.241340398788452 -0.306710988283157 0.920682370662689 0.362956613302231 -0.212256193161011 0.907284796237946 -0.362956613302231 -0.212256193161011 0.907284796237946 0.441450208425522 -0.205847397446632 0.873317718505859 -0.441450208425522 -0.205847397446632 0.873317718505859 0.419446408748627 -0.379741787910461 0.824518620967865 -0.419446408748627 -0.379741787910461 0.824518620967865 0.310617387294769 -0.340342402458191 0.887478172779083 -0.310617387294769 -0.340342402458191 0.887478172779083 -0.134922295808792 -0.214575603604317 0.967314720153809 0.134922295808792 -0.214575603604317 0.967314720153809 0 0.0134586598724127 0.99990838766098 -0.310403794050217 -0.169743999838829 0.935300827026367 0.310403794050217 -0.169743999838829 0.935300827026367 0.0283822100609541 -0.198553398251534 0.979644179344177 -0.0283822100609541 -0.198553398251534 0.979644179344177 0 -0.223456501960754 0.974700212478638 -0.162388995289803 -0.19974359869957 0.966277122497559 0.162388995289803 -0.19974359869957 0.966277122497559 0 -0.331247895956039 0.943510174751282 -0.0252082906663418 -0.411786288022995 0.910916388034821 0.0252082906663418 -0.411786288022995 0.910916388034821 0.0890530124306679 -0.322885811328888 0.942228376865387 -0.0890530124306679 -0.322885811328888 0.942228376865387 0.155888497829437 -0.170628994703293 0.972899615764618 -0.155888497829437 -0.170628994703293 0.972899615764618 0.180242300033569 -0.0578325800597668 0.981902480125427 0.138615101575851 0.0028992579318583 0.990325629711151 -0.180242300033569 -0.0578325800597668 0.981902480125427 -0.138615101575851 0.0028992579318583 0.990325629711151 0 -0.457563996315002 0.889156818389893 0 -0.00408947980031371 0.999969482421875 0.496871888637543 -0.435590714216232 0.750541687011719 -0.496871888637543 -0.435590714216232 0.750541687011719 0 -0.0342112481594086 0.999389588832855 0 -0.425733208656311 0.904843270778656 0.580309510231018 -0.730643570423126 0.359660595655441 0.721549093723297 -0.364604592323303 0.588549375534058 0.924588680267334 -0.212927594780922 0.315866589546204 -0.721549093723297 -0.364604592323303 0.588549375534058 -0.580309510231018 -0.730643570423126 0.359660595655441 -0.924588680267334 -0.212927594780922 0.315866589546204 0.252784788608551 0.347941488027573 0.902768015861511 0.621784090995789 0.774407088756561 0.116763800382614 -0.252784788608551 0.347941488027573 0.902768015861511 -0.621784090995789 0.774407088756561 0.116763800382614 0 0.56923121213913 0.822138071060181 -0.30179750919342 0.941618084907532 0.149174496531487 0.30179750919342 0.941618084907532 0.149174496531487 0 0.759239494800568 0.65077668428421 0 0.785088717937469 0.619342625141144 0 -0.857417523860931 0.514572620391846 0 -0.528550088405609 0.848872423171997 0.220557302236557 -0.56395161151886 0.795770108699799 -0.220557302236557 -0.56395161151886 0.795770108699799 0 0.113559402525425 0.993499577045441 -0.199163794517517 0.601733386516571 0.773430585861206 0.199163794517517 0.601733386516571 0.773430585861206 0.36637470126152 0.475142687559128 0.799981713294983 -0.36637470126152 0.475142687559128 0.799981713294983 0.429639607667923 -0.184942200779915 0.883816003799438 -0.429639607667923 -0.184942200779915 0.883816003799438 0.74303412437439 0.0295419208705425 0.668569028377533 -0.74303412437439 0.0295419208705425 0.668569028377533 0.646381974220276 0.142429903149605 0.749565124511719 -0.646381974220276 0.142429903149605 0.749565124511719 0.938505172729492 0.325083196163177 0.116031400859356 -0.938505172729492 0.325083196163177 0.116031400859356 0.953428685665131 0.281594306230545 0.107882902026176 -0.953428685665131 0.281594306230545 0.107882902026176 0 -0.903103709220886 0.429395407438278 -0.114017203450203 -0.615069985389709 0.780144572257996 0.114017203450203 -0.615069985389709 0.780144572257996 -0.650257885456085 0.0614948011934757 0.757194817066193 0.650257885456085 0.0614948011934757 0.757194817066193 -0.370464205741882 0.544999480247498 0.752128720283508 0.370464205741882 0.544999480247498 0.752128720283508 0 0.646687209606171 0.762718617916107 0 0.528855323791504 0.848689317703247 -0.327219486236572 0.47450178861618 0.817133128643036 0.327219486236572 0.47450178861618 0.817133128643036 -0.674825310707092 0.114688597619534 0.728965103626251 0.674825310707092 0.114688597619534 0.728965103626251 -0.516342580318451 -0.704123020172119 0.487411111593246 0.516342580318451 -0.704123020172119 0.487411111593246 0 -0.698843419551849 0.715262293815613 -0.0170293301343918 -0.0610065013170242 0.997985780239105 0.164891496300697 -0.0896633788943291 0.982207715511322 0.0170293301343918 -0.0610065013170242 0.997985780239105 -0.164891496300697 -0.0896633788943291 0.982207715511322 0.235846996307373 -0.108889997005463 0.965636074542999 -0.235846996307373 -0.108889997005463 0.965636074542999 0.163335099816322 -0.0836207121610641 0.983001172542572 -0.163335099816322 -0.0836207121610641 0.983001172542572 0.0128788100555539 -0.15601059794426 0.987640023231506 -0.0128788100555539 -0.15601059794426 0.987640023231506 0.199774205684662 -0.207190200686455 0.95767080783844 -0.199774205684662 -0.207190200686455 0.95767080783844 0.285775303840637 -0.0424817688763142 0.957335114479065 -0.285775303840637 -0.0424817688763142 0.957335114479065 0.298989802598953 -0.093356117606163 0.949675023555756 -0.298989802598953 -0.093356117606163 0.949675023555756 0.186956405639648 -0.06549271941185 0.980162978172302 -0.186956405639648 -0.06549271941185 0.980162978172302 0.30625331401825 0.0341807305812836 0.951322972774506 -0.30625331401825 0.0341807305812836 0.951322972774506 0.173039898276329 -0.110934801399708 0.978636980056763 -0.173039898276329 -0.110934801399708 0.978636980056763 0.165684998035431 0.112888000905514 0.979674696922302 -0.165684998035431 0.112888000905514 0.979674696922302 0.182836398482323 0.0366832502186298 0.982451915740967 -0.182836398482323 0.0366832502186298 0.982451915740967 0.500961303710938 -0.383892297744751 0.775627911090851 0.306283801794052 -0.343119591474533 0.887905478477478 -0.306283801794052 -0.343119591474533 0.887905478477478 -0.500961303710938 -0.383892297744751 0.775627911090851 0.002105776919052 -0.495284885168076 0.86870938539505 -0.002105776919052 -0.495284885168076 0.86870938539505 -0.140080004930496 -0.762047171592712 0.632160425186157 0.140080004930496 -0.762047171592712 0.632160425186157 -0.194311395287514 -0.616046607494354 0.763329029083252 0.194311395287514 -0.616046607494354 0.763329029083252 -0.354869186878204 -0.128604993224144 0.925992608070374 0.354869186878204 -0.128604993224144 0.925992608070374 -0.254860103130341 0.224127903580666 0.940611004829407 0.254860103130341 0.224127903580666 0.940611004829407 -0.083101898431778 0.541612029075623 0.836481809616089 0.083101898431778 0.541612029075623 0.836481809616089 0.148869305849075 0.613483071327209 0.775505781173706 -0.148869305849075 0.613483071327209 0.775505781173706 0.424451410770416 0.560899674892426 0.710776090621948 -0.424451410770416 0.560899674892426 0.710776090621948 0.687490522861481 0.297402888536453 0.662465274333954 -0.687490522861481 0.297402888536453 0.662465274333954 0.746421694755554 -0.213446497917175 0.630268275737762 -0.746421694755554 -0.213446497917175 0.630268275737762 0.805200278759003 0.0149540696293116 0.592791616916656 -0.805200278759003 0.0149540696293116 0.592791616916656 -0.504593014717102 0.862178385257721 0.0448011681437492 0 0.879390776157379 0.476027697324753 0.504593014717102 0.862178385257721 0.0448011681437492 -0.477004289627075 0.509964287281036 -0.715781092643738 0.477004289627075 0.509964287281036 -0.715781092643738 0.114597000181675 0.65550708770752 -0.746421694755554 -0.114597000181675 0.65550708770752 -0.746421694755554 0.308389514684677 0.913815677165985 -0.264198809862137 -0.308389514684677 0.913815677165985 -0.264198809862137 0.351451188325882 0.908749580383301 -0.224921405315399 -0.351451188325882 0.908749580383301 -0.224921405315399 0.739219307899475 0.600482225418091 -0.30484938621521 -0.739219307899475 0.600482225418091 -0.30484938621521 0.939329206943512 -0.306802600622177 -0.153294503688812 -0.939329206943512 -0.306802600622177 -0.153294503688812 0.576830327510834 -0.811029374599457 -0.097170926630497 -0.576830327510834 -0.811029374599457 -0.097170926630497 0.439375013113022 -0.892513811588287 -0.101596102118492 -0.439375013113022 -0.892513811588287 -0.101596102118492 0.337473690509796 -0.253456205129623 -0.906552314758301 0 -0.317789196968079 -0.948149025440216 0 -0.805108785629272 -0.593096673488617 0.725974321365356 -0.586504697799683 -0.359080791473389 0 -0.805108785629272 -0.593096673488617 0 -0.317789196968079 -0.948149025440216 -0.337473690509796 -0.253456205129623 -0.906552314758301 -0.725974321365356 -0.586504697799683 -0.359080791473389 0.129306897521019 -0.178899496793747 -0.975310504436493 0 -0.297799587249756 -0.954618990421295 0 -0.297799587249756 -0.954618990421295 -0.129306897521019 -0.178899496793747 -0.975310504436493 0.0992767065763474 -0.767937183380127 -0.632740318775177 0 -0.850794970989227 -0.525467693805695 -0.0992767065763474 -0.767937183380127 -0.632740318775177 0.558641314506531 -0.467909812927246 -0.684774279594421 -0.558641314506531 -0.467909812927246 -0.684774279594421 0.60579240322113 0.0208136197179556 -0.795312285423279 -0.60579240322113 0.0208136197179556 -0.795312285423279 0.776604473590851 -0.00933866389095783 -0.629871487617493 -0.776604473590851 -0.00933866389095783 -0.629871487617493 0.960142910480499 -0.00164799997583032 -0.279427498579025 -0.960142910480499 -0.00164799997583032 -0.279427498579025 0.973113179206848 -0.230201095342636 0.000152592503582127 0.9537034034729 -0.199865698814392 0.224646702408791 -0.973113179206848 -0.230201095342636 0.000152592503582127 -0.9537034034729 -0.199865698814392 0.224646702408791 0.814020216464996 -0.554368674755096 0.173161998391151 -0.814020216464996 -0.554368674755096 0.173161998391151 0.51908928155899 -0.655629217624664 -0.548295617103577 0 -0.696645975112915 -0.717368125915527 0 -0.300424188375473 -0.95379501581192 0.423658013343811 -0.324014991521835 -0.845851004123688 0 -0.300424188375473 -0.95379501581192 0 -0.696645975112915 -0.717368125915527 -0.51908928155899 -0.655629217624664 -0.548295617103577 -0.423658013343811 -0.324014991521835 -0.845851004123688 0.52134770154953 -0.825464725494385 -0.21622359752655 0 -0.940977215766907 -0.338450312614441 0 -0.940977215766907 -0.338450312614441 -0.52134770154953 -0.825464725494385 -0.21622359752655 0.588732481002808 -0.808069109916687 -0.0185247398912907 0 -0.986266672611237 -0.164983093738556 0 -0.986266672611237 -0.164983093738556 -0.588732481002808 -0.808069109916687 -0.0185247398912907 0.715201318264008 -0.694998025894165 0.0736106485128403 0.976195573806763 -0.20194099843502 0.0787072330713272 -0.976195573806763 -0.20194099843502 0.0787072330713272 -0.715201318264008 -0.694998025894165 0.0736106485128403 0.453413486480713 0.196874901652336 -0.8692587018013 0 0.314065992832184 -0.949369788169861 -0.453413486480713 0.196874901652336 -0.8692587018013 0 0.314065992832184 -0.949369788169861 0 0.82665491104126 0.562669813632965 0.46104308962822 0.73378711938858 0.498947113752365 0.419751614332199 0.906948983669281 0.0348521396517754 0 0.99972528219223 0.023194070905447 -0.419751614332199 0.906948983669281 0.0348521396517754 -0.46104308962822 0.73378711938858 0.498947113752365 0 0.82665491104126 0.562669813632965 0 0.99972528219223 0.023194070905447 0.425824791193008 0.803186118602753 -0.41654708981514 0 0.832544922828674 -0.553941488265991 0 0.832544922828674 -0.553941488265991 -0.425824791193008 0.803186118602753 -0.41654708981514 0.351451188325882 0.908749580383301 -0.224921405315399 0.765221118927002 0.624408721923828 0.156529396772385 0.472060292959213 0.777764201164246 0.414929687976837 -0.765221118927002 0.624408721923828 0.156529396772385 -0.351451188325882 0.908749580383301 -0.224921405315399 -0.472060292959213 0.777764201164246 0.414929687976837 0.747520387172699 0.532608985900879 0.396862685680389 0.651387095451355 0.681447803974152 0.333536803722382 -0.747520387172699 0.532608985900879 0.396862685680389 -0.651387095451355 0.681447803974152 0.333536803722382 0.854793012142181 0.51805168390274 -0.0301217697560787 0.678792715072632 0.731772780418396 -0.0611896105110645 -0.854793012142181 0.51805168390274 -0.0301217697560787 -0.678792715072632 0.731772780418396 -0.0611896105110645 0.873866975307465 0.30701619386673 -0.376873105764389 0.644032120704651 0.537949681282043 -0.543839812278748 -0.644032120704651 0.537949681282043 -0.543839812278748 -0.873866975307465 0.30701619386673 -0.376873105764389 0.625995576381683 -0.0259407293051481 -0.779381692409515 0.586016416549683 -0.0154728796333075 -0.810113787651062 -0.586016416549683 -0.0154728796333075 -0.810113787651062 -0.625995576381683 -0.0259407293051481 -0.779381692409515 0.391613513231277 0.828028202056885 0.401196300983429 -0.391613513231277 0.828028202056885 0.401196300983429 0.308389514684677 0.913815677165985 -0.264198809862137 -0.308389514684677 0.913815677165985 -0.264198809862137 0 0.620380282402039 0.78426468372345 0 0.620380282402039 0.78426468372345 -0.504593014717102 0.862178385257721 0.0448011681437492 -0.477004289627075 0.509964287281036 -0.715781092643738 0.114597000181675 0.65550708770752 -0.746421694755554 0.477004289627075 0.509964287281036 -0.715781092643738 0.504593014717102 0.862178385257721 0.0448011681437492 -0.114597000181675 0.65550708770752 -0.746421694755554 0 0.879390776157379 0.476027697324753 0 0.879390776157379 0.476027697324753 0.99893182516098 -0.0455030985176563 0.00616473890841007 -0.99893182516098 -0.0455030985176563 0.00616473890841007 0.896450698375702 0.30436110496521 0.322000801563263 -0.896450698375702 0.30436110496521 0.322000801563263 0.573046028614044 -0.803735494613647 0.160008504986763 0.580889284610748 -0.800683617591858 -0.146336302161217 -0.573046028614044 -0.803735494613647 0.160008504986763 -0.580889284610748 -0.800683617591858 -0.146336302161217 0.274422407150269 -0.959990322589874 -0.0552079789340496 -0.274422407150269 -0.959990322589874 -0.0552079789340496 0.402020305395126 -0.616718113422394 -0.676747918128967 0.544297575950623 -0.495864689350128 -0.676625788211823 -0.544297575950623 -0.495864689350128 -0.676625788211823 -0.402020305395126 -0.616718113422394 -0.676747918128967 -0.287759006023407 0.73879212141037 0.60939359664917 0.45896789431572 -0.0631122663617134 0.886165976524353 0.542039275169373 -0.0674153864383698 0.837611019611359 0.0162663608789444 0.87362277507782 0.486281901597977 -0.542039275169373 -0.0674153864383698 0.837611019611359 -0.45896789431572 -0.0631122663617134 0.886165976524353 0.287759006023407 0.73879212141037 0.60939359664917 -0.0162663608789444 0.87362277507782 0.486281901597977 0.317362010478973 -0.0929593816399574 0.943723917007446 0.360362589359283 0.860530376434326 0.359996289014816 -0.317362010478973 -0.0929593816399574 0.943723917007446 -0.360362589359283 0.860530376434326 0.359996289014816 -0.120059803128242 -0.0897244215011597 0.988677620887756 0.789574921131134 0.178991094231606 0.586931884288788 -0.789574921131134 0.178991094231606 0.586931884288788 0.120059803128242 -0.0897244215011597 0.988677620887756 -0.0239875502884388 0.273934096097946 0.961424589157104 0.673116326332092 -0.499832212924957 0.544999480247498 -0.673116326332092 -0.499832212924957 0.544999480247498 0.0239875502884388 0.273934096097946 0.961424589157104 0.492172002792358 0.273750990629196 0.826319217681885 0.471877187490463 -0.779625773429871 0.41163370013237 -0.471877187490463 -0.779625773429871 0.41163370013237 -0.492172002792358 0.273750990629196 0.826319217681885 0.341318994760513 0.352671891450882 0.87124240398407 -0.0438856184482574 -0.64812159538269 0.760246574878693 0.0438856184482574 -0.64812159538269 0.760246574878693 -0.341318994760513 0.352671891450882 0.87124240398407 0.232978299260139 0.878811001777649 0.416364014148712 -0.166539505124092 0.95388650894165 0.249671906232834 -0.232978299260139 0.878811001777649 0.416364014148712 0.166539505124092 0.95388650894165 0.249671906232834 -0.761345326900482 0.647083878517151 0.0399182103574276 0.761345326900482 0.647083878517151 0.0399182103574276 -0.981017470359802 -0.0933866426348686 0.169805005192757 0.981017470359802 -0.0933866426348686 0.169805005192757 -0.14096499979496 -0.772789716720581 0.618793308734894 0.14096499979496 -0.772789716720581 0.618793308734894 0.558732926845551 -0.658284187316895 0.504409909248352 -0.558732926845551 -0.658284187316895 0.504409909248352 0.687795579433441 -0.553331077098846 0.469801902770996 -0.687795579433441 -0.553331077098846 0.469801902770996 0.74504828453064 0.0854518264532089 0.661458194255829 0.861506998538971 -0.487991005182266 -0.139957904815674 -0.74504828453064 0.0854518264532089 0.661458194255829 -0.861506998538971 -0.487991005182266 -0.139957904815674 0.274422407150269 -0.959990322589874 -0.0552079789340496 0.74504828453064 0.0854518264532089 0.661458194255829 -0.274422407150269 -0.959990322589874 -0.0552079789340496 -0.74504828453064 0.0854518264532089 0.661458194255829 0.896450698375702 0.30436110496521 0.322000801563263 0.74269837141037 -0.2611163854599 0.616595983505249 -0.74269837141037 -0.2611163854599 0.616595983505249 -0.896450698375702 0.30436110496521 0.322000801563263 0.593310415744781 0.56633198261261 0.572008371353149 -0.593310415744781 0.56633198261261 0.572008371353149 0.920987606048584 -0.174901604652405 0.348033100366592 0.883663415908813 -0.0624408684670925 0.463911890983582 -0.920987606048584 -0.174901604652405 0.348033100366592 -0.883663415908813 -0.0624408684670925 0.463911890983582 0.573107123374939 0.726248979568481 0.379528194665909 0.858851909637451 0.037141028791666 0.510818779468536 -0.573107123374939 0.726248979568481 0.379528194665909 -0.858851909637451 0.037141028791666 0.510818779468536 0.87197482585907 -0.424024194478989 0.244605898857117 0.748130679130554 -0.579912722110748 0.322397500276566 -0.87197482585907 -0.424024194478989 0.244605898857117 -0.748130679130554 -0.579912722110748 0.322397500276566 0.69631028175354 -0.541184723377228 0.471419394016266 -0.69631028175354 -0.541184723377228 0.471419394016266 0.87197482585907 -0.424024194478989 0.244605898857117 0.74269837141037 -0.2611163854599 0.616595983505249 -0.74269837141037 -0.2611163854599 0.616595983505249 -0.87197482585907 -0.424024194478989 0.244605898857117 0.920987606048584 -0.174901604652405 0.348033100366592 -0.920987606048584 -0.174901604652405 0.348033100366592 0.666859924793243 -0.434766709804535 0.605182111263275 0.635792076587677 -0.409161686897278 0.6544389128685 -0.635792076587677 -0.409161686897278 0.6544389128685 -0.666859924793243 -0.434766709804535 0.605182111263275 0.571398079395294 -0.425855308771133 0.70149838924408 -0.571398079395294 -0.425855308771133 0.70149838924408 0.78368479013443 0.251350402832031 0.567979991436005 -0.78368479013443 0.251350402832031 0.567979991436005 0.444715708494186 0.374004304409027 0.813806593418121 -0.444715708494186 0.374004304409027 0.813806593418121 0.373882293701172 0.36872461438179 0.851008713245392 -0.373882293701172 0.36872461438179 0.851008713245392 0.660023808479309 0.349498003721237 0.664967775344849 -0.660023808479309 0.349498003721237 0.664967775344849 -0.0506912395358086 0.951841771602631 0.302316397428513 0.0506912395358086 0.951841771602631 0.302316397428513 0.484420299530029 -0.337321102619171 0.807153522968292 -0.484420299530029 -0.337321102619171 0.807153522968292 -0.248451203107834 -0.582598328590393 0.773827314376831 0.248451203107834 -0.582598328590393 0.773827314376831 -0.743308782577515 -0.0973235294222832 0.661824405193329 0.743308782577515 -0.0973235294222832 0.661824405193329 -0.539170503616333 0.450636297464371 0.711447477340698 0.539170503616333 0.450636297464371 0.711447477340698 0.0872829407453537 0.74004328250885 0.666829407215118 -0.0872829407453537 0.74004328250885 0.666829407215118 0.385448813438416 0.116214498877525 0.915341675281525 0.198339805006981 0.00512711005285382 0.980101883411407 -0.385448813438416 0.116214498877525 0.915341675281525 -0.198339805006981 0.00512711005285382 0.980101883411407 0.431531697511673 -0.0331125818192959 0.901455819606781 0.328104496002197 0.000183111100341193 0.944608926773071 -0.431531697511673 -0.0331125818192959 0.901455819606781 -0.328104496002197 0.000183111100341193 0.944608926773071 0.344737112522125 -0.0766930133104324 0.935544908046722 0.317819714546204 0.0936613082885742 0.943510174751282 -0.344737112522125 -0.0766930133104324 0.935544908046722 -0.317819714546204 0.0936613082885742 0.943510174751282 0.436475694179535 -0.013580740429461 0.899594128131866 0.357310712337494 0.298013210296631 0.885128319263458 -0.436475694179535 -0.013580740429461 0.899594128131866 -0.357310712337494 0.298013210296631 0.885128319263458 -0.0797448679804802 -0.845271229743958 -0.528336405754089 -0.0418408811092377 -0.69887387752533 -0.714011073112488 0.0797448679804802 -0.845271229743958 -0.528336405754089 0.0418408811092377 -0.69887387752533 -0.714011073112488 0.614947974681854 -0.490554511547089 -0.617358922958374 -0.614947974681854 -0.490554511547089 -0.617358922958374 0.923398613929749 0.0856044217944145 -0.374095886945724 -0.923398613929749 0.0856044217944145 -0.374095886945724 0.304757803678513 0.621875584125519 -0.721335470676422 0.360362589359283 0.860530376434326 0.359996289014816 -0.304757803678513 0.621875584125519 -0.721335470676422 -0.360362589359283 0.860530376434326 0.359996289014816 -0.417645812034607 0.558580279350281 -0.716605126857758 0.0162663608789444 0.87362277507782 0.486281901597977 -0.0162663608789444 0.87362277507782 0.486281901597977 0.417645812034607 0.558580279350281 -0.716605126857758 -0.65617847442627 0.571520090103149 -0.492690801620483 -0.287759006023407 0.73879212141037 0.60939359664917 0.287759006023407 0.73879212141037 0.60939359664917 0.65617847442627 0.571520090103149 -0.492690801620483 -0.65617847442627 0.571520090103149 -0.492690801620483 -0.287759006023407 0.73879212141037 0.60939359664917 -0.896450698375702 0.30436110496521 0.322000801563263 -0.625995576381683 -0.0259407293051481 -0.779381692409515 0.402020305395126 -0.616718113422394 -0.676747918128967 0.625995576381683 -0.0259407293051481 -0.779381692409515 -0.402020305395126 -0.616718113422394 -0.676747918128967" />
					<Coordinate
						point="0.4375 0.1640625 0.765625 0.5 0.09375 0.6875 0.5625 0.2421875 0.671875 0.46875 0.2421875 0.7578125 -0.5625 0.2421875 0.671875 -0.5 0.09375 0.6875 -0.4375 0.1640625 0.765625 -0.46875 0.2421875 0.7578125 0.546875 0.0546875 0.578125 0.625 0.2421875 0.5625 -0.625 0.2421875 0.5625 -0.546875 0.0546875 0.578125 0.3515625 0.03125 0.71875 0.3515625 -0.0234375 0.6171875 -0.3515625 -0.0234375 0.6171875 -0.3515625 0.03125 0.71875 0.3515625 0.1328125 0.78125 -0.3515625 0.1328125 0.78125 0.203125 0.09375 0.7421875 0.2734375 0.1640625 0.796875 -0.203125 0.09375 0.7421875 -0.2734375 0.1640625 0.796875 0.15625 0.0546875 0.6484375 -0.15625 0.0546875 0.6484375 0.078125 0.2421875 0.65625 0.140625 0.2421875 0.7421875 -0.078125 0.2421875 0.65625 -0.140625 0.2421875 0.7421875 0.2421875 0.2421875 0.796875 -0.2421875 0.2421875 0.796875 0.203125 0.390625 0.7421875 0.2734375 0.328125 0.796875 -0.203125 0.390625 0.7421875 -0.2734375 0.328125 0.796875 0.15625 0.4375 0.6484375 -0.15625 0.4375 0.6484375 0.3515625 0.453125 0.71875 0.3515625 0.515625 0.6171875 -0.3515625 0.453125 0.71875 -0.3515625 0.515625 0.6171875 0.3515625 0.359375 0.78125 -0.3515625 0.359375 0.78125 0.4375 0.328125 0.765625 0.5 0.390625 0.6875 -0.5 0.390625 0.6875 -0.4375 0.328125 0.765625 0.546875 0.4375 0.578125 -0.546875 0.4375 0.578125 0.4765625 0.2421875 0.7734375 0.4453125 0.3359375 0.78125 -0.4765625 0.2421875 0.7734375 -0.4453125 0.3359375 0.78125 0.3515625 0.375 0.8046875 -0.3515625 0.375 0.8046875 0.265625 0.3359375 0.8203125 -0.265625 0.3359375 0.8203125 0.2265625 0.2421875 0.8203125 -0.2265625 0.2421875 0.8203125 0.265625 0.15625 0.8203125 -0.265625 0.15625 0.8203125 0.3515625 0.1171875 0.8046875 -0.3515625 0.1171875 0.8046875 0.4453125 0.15625 0.78125 -0.4453125 0.15625 0.78125 0.3515625 0.2421875 0.828125 -0.3515625 0.2421875 0.828125 0 -0.9453125 0.640625 0 -0.984375 0.578125 0.1796875 -0.96875 0.5546875 0.1640625 -0.9296875 0.6328125 -0.1796875 -0.96875 0.5546875 -0.1640625 -0.9296875 0.6328125 0.328125 -0.9453125 0.5234375 0.234375 -0.9140625 0.6328125 -0.328125 -0.9453125 0.5234375 -0.234375 -0.9140625 0.6328125 0.3671875 -0.890625 0.53125 0.265625 -0.8203125 0.6640625 -0.3671875 -0.890625 0.53125 -0.265625 -0.8203125 0.6640625 0.3515625 -0.6953125 0.5703125 0.25 -0.703125 0.6875 -0.3515625 -0.6953125 0.5703125 -0.25 -0.703125 0.6875 0.2109375 -0.4453125 0.7109375 0.3125 -0.4375 0.5703125 -0.2109375 -0.4453125 0.7109375 -0.3125 -0.4375 0.5703125 0.125 -0.1015625 0.8125 0.203125 -0.1875 0.5625 0.4375 -0.140625 0.53125 0.3984375 -0.046875 0.671875 -0.4375 -0.140625 0.53125 -0.203125 -0.1875 0.5625 -0.125 -0.1015625 0.8125 -0.3984375 -0.046875 0.671875 0.6328125 -0.0390625 0.5390625 0.6171875 0.0546875 0.625 -0.6328125 -0.0390625 0.5390625 -0.6171875 0.0546875 0.625 0.828125 0.1484375 0.4453125 0.7265625 0.203125 0.6015625 -0.828125 0.1484375 0.4453125 -0.7265625 0.203125 0.6015625 0.859375 0.4296875 0.59375 0.7421875 0.375 0.65625 -0.859375 0.4296875 0.59375 -0.7421875 0.375 0.65625 0.6875 0.4140625 0.7265625 0.7109375 0.484375 0.625 -0.6875 0.4140625 0.7265625 -0.7109375 0.484375 0.625 0.4375 0.546875 0.796875 0.4921875 0.6015625 0.6875 -0.4375 0.546875 0.796875 -0.4921875 0.6015625 0.6875 0.3125 0.640625 0.8359375 0.3203125 0.7578125 0.734375 -0.3125 0.640625 0.8359375 -0.3203125 0.7578125 0.734375 0.15625 0.71875 0.7578125 0.203125 0.6171875 0.8515625 -0.203125 0.6171875 0.8515625 -0.15625 0.71875 0.7578125 0.0625 0.4921875 0.75 0.1015625 0.4296875 0.84375 -0.1015625 0.4296875 0.84375 -0.0625 0.4921875 0.75 0 0.4296875 0.7421875 0 0.3515625 0.8203125 0.1640625 0.4140625 0.7734375 0.25 0.46875 0.7578125 -0.25 0.46875 0.7578125 -0.1640625 0.4140625 0.7734375 0.328125 0.4765625 0.7421875 -0.328125 0.4765625 0.7421875 0.4296875 0.4375 0.71875 -0.4296875 0.4375 0.71875 0.6015625 0.375 0.6640625 -0.6015625 0.375 0.6640625 0.640625 0.296875 0.6484375 -0.640625 0.296875 0.6484375 0.625 0.1875 0.6484375 -0.625 0.1875 0.6484375 0.4921875 0.0625 0.671875 -0.4921875 0.0625 0.671875 0.375 0.015625 0.703125 -0.375 0.015625 0.703125 0.203125 0.09375 0.7421875 -0.203125 0.09375 0.7421875 0 0.046875 0.7265625 0.1640625 0.140625 0.75 -0.1640625 0.140625 0.75 0.125 0.3046875 0.765625 -0.125 0.3046875 0.765625 0 0.2109375 0.765625 0.1328125 0.2109375 0.7578125 -0.1328125 0.2109375 0.7578125 0 -0.890625 0.6875 0.0625 -0.8828125 0.6953125 -0.0625 -0.8828125 0.6953125 0.1171875 -0.8359375 0.7109375 -0.1171875 -0.8359375 0.7109375 0.109375 -0.71875 0.734375 -0.109375 -0.71875 0.734375 0.1171875 -0.6875 0.734375 0.078125 -0.4453125 0.75 -0.1171875 -0.6875 0.734375 -0.078125 -0.4453125 0.75 0 -0.328125 0.7421875 0 -0.4453125 0.75 0.0859375 -0.2890625 0.7421875 -0.0859375 -0.2890625 0.7421875 0 -0.6796875 0.734375 0 -0.765625 0.734375 0.09375 -0.2734375 0.78125 0.125 -0.2265625 0.75 0.1328125 -0.2265625 0.796875 -0.125 -0.2265625 0.75 -0.09375 -0.2734375 0.78125 -0.1328125 -0.2265625 0.796875 0.1015625 -0.1484375 0.7421875 0.109375 -0.1328125 0.78125 -0.1015625 -0.1484375 0.7421875 -0.109375 -0.1328125 0.78125 0 -0.140625 0.7421875 0.0390625 -0.125 0.78125 -0.0390625 -0.125 0.78125 0 -0.1953125 0.75 0 -0.1875 0.796875 0 -0.3203125 0.78125 0 -0.2890625 0.8046875 0.078125 -0.25 0.8046875 -0.078125 -0.25 0.8046875 0 -0.203125 0.828125 0.046875 -0.1484375 0.8125 -0.046875 -0.1484375 0.8125 0.09375 -0.15625 0.8125 -0.09375 -0.15625 0.8125 0.109375 -0.2265625 0.828125 -0.109375 -0.2265625 0.828125 0.1640625 -0.2421875 0.7109375 -0.1640625 -0.2421875 0.7109375 0.1796875 -0.3125 0.7109375 -0.1796875 -0.3125 0.7109375 0.2578125 -0.3125 0.5546875 -0.2578125 -0.3125 0.5546875 0.234375 -0.25 0.5546875 -0.234375 -0.25 0.5546875 0 -0.7734375 0.71875 0.09375 -0.7421875 0.7265625 -0.09375 -0.7421875 0.7265625 0.09375 -0.8203125 0.7109375 -0.09375 -0.8203125 0.7109375 0.046875 -0.8671875 0.6875 -0.046875 -0.8671875 0.6875 0 -0.875 0.6875 0 -0.859375 0.6328125 0.046875 -0.8515625 0.6328125 -0.046875 -0.8515625 0.6328125 0.09375 -0.8125 0.640625 -0.09375 -0.8125 0.640625 0.09375 -0.75 0.6640625 -0.09375 -0.75 0.6640625 0 -0.78125 0.65625 0.1875 0.15625 0.7734375 0.171875 0.21875 0.78125 -0.1875 0.15625 0.7734375 -0.171875 0.21875 0.78125 0.1796875 0.296875 0.78125 -0.1796875 0.296875 0.78125 0.2109375 0.375 0.78125 -0.2109375 0.375 0.78125 0.2265625 0.109375 0.78125 -0.2265625 0.109375 0.78125 0.375 0.0625 0.7421875 -0.375 0.0625 0.7421875 0.4765625 0.1015625 0.71875 -0.4765625 0.1015625 0.71875 0.578125 0.1953125 0.6796875 -0.578125 0.1953125 0.6796875 0.5859375 0.2890625 0.6875 -0.5859375 0.2890625 0.6875 0.5625 0.3515625 0.6953125 -0.5625 0.3515625 0.6953125 0.421875 0.3984375 0.7734375 -0.421875 0.3984375 0.7734375 0.3359375 0.4296875 0.7578125 -0.3359375 0.4296875 0.7578125 0.2734375 0.421875 0.7734375 -0.2734375 0.421875 0.7734375 0.234375 0.359375 0.7578125 0.28125 0.3984375 0.765625 -0.28125 0.3984375 0.765625 -0.234375 0.359375 0.7578125 0.3359375 0.40625 0.75 -0.3359375 0.40625 0.75 0.4140625 0.390625 0.75 -0.4140625 0.390625 0.75 0.53125 0.3359375 0.6796875 -0.53125 0.3359375 0.6796875 0.5546875 0.28125 0.671875 -0.5546875 0.28125 0.671875 0.546875 0.2109375 0.671875 -0.546875 0.2109375 0.671875 0.4609375 0.1171875 0.703125 -0.4609375 0.1171875 0.703125 0.375 0.0859375 0.7265625 -0.375 0.0859375 0.7265625 0.2421875 0.125 0.7578125 -0.2421875 0.125 0.7578125 0.203125 0.171875 0.75 -0.203125 0.171875 0.75 0.1953125 0.296875 0.7578125 -0.1953125 0.296875 0.7578125 0.1953125 0.2265625 0.75 -0.1953125 0.2265625 0.75 0.109375 0.4609375 0.609375 0 0.40625 0.6015625 -0.109375 0.4609375 0.609375 0.1953125 0.6640625 0.6171875 -0.1953125 0.6640625 0.6171875 0.3359375 0.6875 0.59375 -0.3359375 0.6875 0.59375 0.484375 0.5546875 0.5546875 -0.484375 0.5546875 0.5546875 0.6796875 0.453125 0.4921875 -0.6796875 0.453125 0.4921875 0.796875 0.40625 0.4609375 -0.796875 0.40625 0.4609375 0.7734375 0.1640625 0.375 -0.7734375 0.1640625 0.375 0.6015625 0 0.4140625 -0.6015625 0 0.4140625 0.4375 -0.09375 0.46875 -0.4375 -0.09375 0.46875 0.125 -0.5390625 0.359375 0 -0.5703125 0.3203125 0 -0.484375 0.28125 0.1796875 -0.4140625 0.2578125 0 -0.484375 0.28125 0 -0.5703125 0.3203125 -0.125 -0.5390625 0.359375 -0.1796875 -0.4140625 0.2578125 0.140625 -0.7578125 0.3671875 0 -0.8046875 0.34375 0 -0.8046875 0.34375 -0.140625 -0.7578125 0.3671875 0.1640625 -0.9453125 0.4375 0 -0.9765625 0.4609375 -0.1640625 -0.9453125 0.4375 0.328125 -0.9140625 0.3984375 -0.328125 -0.9140625 0.3984375 0.2890625 -0.7109375 0.3828125 -0.2890625 -0.7109375 0.3828125 0.25 -0.5 0.390625 -0.25 -0.5 0.390625 0.234375 -0.3515625 0.40625 -0.234375 -0.3515625 0.40625 0.21875 -0.28125 0.4296875 0.2109375 -0.2265625 0.46875 -0.21875 -0.28125 0.4296875 -0.2109375 -0.2265625 0.46875 0.203125 -0.171875 0.5 -0.203125 -0.171875 0.5 0.34375 -0.1484375 -0.5390625 0 -0.1953125 -0.671875 0 0.0703125 -0.828125 0.3359375 0.0546875 -0.6640625 0 0.0703125 -0.828125 0 -0.1953125 -0.671875 -0.34375 -0.1484375 -0.5390625 -0.3359375 0.0546875 -0.6640625 0.296875 -0.3125 -0.265625 0 -0.3828125 -0.3515625 0 -0.3828125 -0.3515625 -0.296875 -0.3125 -0.265625 0.2109375 -0.390625 0.1640625 0 -0.4609375 0.1875 0 -0.4609375 0.1875 -0.2109375 -0.390625 0.1640625 0.734375 -0.046875 0.0703125 0.8515625 0.234375 0.0546875 -0.8515625 0.234375 0.0546875 -0.734375 -0.046875 0.0703125 0.4609375 0.4375 -0.703125 0 0.5625 -0.8515625 -0.4609375 0.4375 -0.703125 0 0.5625 -0.8515625 0 0.8984375 0.2890625 0.453125 0.8515625 0.234375 0.453125 0.9296875 -0.0703125 0 0.984375 -0.078125 -0.453125 0.9296875 -0.0703125 -0.453125 0.8515625 0.234375 0 0.8984375 0.2890625 0 0.984375 -0.078125 0.453125 0.8671875 -0.3828125 0 0.8984375 -0.546875 0 0.8984375 -0.546875 -0.453125 0.8671875 -0.3828125 0.6796875 0.453125 0.4921875 0.7265625 0.40625 0.3359375 0.6328125 0.453125 0.28125 -0.7265625 0.40625 0.3359375 -0.6796875 0.453125 0.4921875 -0.6328125 0.453125 0.28125 0.796875 0.5625 0.125 0.640625 0.703125 0.0546875 -0.796875 0.5625 0.125 -0.640625 0.703125 0.0546875 0.796875 0.6171875 -0.1171875 0.640625 0.75 -0.1953125 -0.796875 0.6171875 -0.1171875 -0.640625 0.75 -0.1953125 0.796875 0.5390625 -0.359375 0.640625 0.6796875 -0.4453125 -0.640625 0.6796875 -0.4453125 -0.796875 0.5390625 -0.359375 0.7734375 0.265625 -0.4375 0.6171875 0.328125 -0.5859375 -0.6171875 0.328125 -0.5859375 -0.7734375 0.265625 -0.4375 0.4609375 0.5234375 0.4296875 -0.4609375 0.5234375 0.4296875 0.484375 0.5546875 0.5546875 -0.484375 0.5546875 0.5546875 0 0.5703125 0.5703125 0 0.5703125 0.5703125 0.109375 0.4609375 0.609375 0.1953125 0.6640625 0.6171875 0.3359375 0.6875 0.59375 -0.1953125 0.6640625 0.6171875 -0.109375 0.4609375 0.609375 -0.3359375 0.6875 0.59375 0 0.40625 0.6015625 0 0.40625 0.6015625 0.859375 0.3203125 -0.046875 -0.859375 0.3203125 -0.046875 0.8203125 0.328125 -0.203125 -0.8203125 0.328125 -0.203125 0.40625 -0.171875 0.1484375 0.4296875 -0.1953125 -0.2109375 -0.40625 -0.171875 0.1484375 -0.4296875 -0.1953125 -0.2109375 0.59375 -0.125 -0.1640625 -0.59375 -0.125 -0.1640625 0.640625 -0.0078125 -0.4296875 0.484375 0.0234375 -0.546875 -0.484375 0.0234375 -0.546875 -0.640625 -0.0078125 -0.4296875 0.890625 0.40625 -0.234375 0.921875 0.359375 -0.21875 1.015625 0.4140625 -0.2890625 1.02343797683716 0.4765625 -0.3125 -1.015625 0.4140625 -0.2890625 -0.921875 0.359375 -0.21875 -0.890625 0.40625 -0.234375 -1.02343797683716 0.4765625 -0.3125 1.1875 0.4375 -0.390625 1.234375 0.5078125 -0.421875 -1.1875 0.4375 -0.390625 -1.234375 0.5078125 -0.421875 1.265625 0.2890625 -0.40625 1.35156297683716 0.3203125 -0.421875 -1.35156297683716 0.3203125 -0.421875 -1.265625 0.2890625 -0.40625 1.21093797683716 0.078125 -0.40625 1.28125 0.0546875 -0.4296875 -1.28125 0.0546875 -0.4296875 -1.21093797683716 0.078125 -0.40625 1.03125 -0.0390625 -0.3046875 1.03906297683716 -0.1015625 -0.328125 -1.03906297683716 -0.1015625 -0.328125 -1.03125 -0.0390625 -0.3046875 0.828125 -0.0703125 -0.1328125 0.7734375 -0.140625 -0.125 -0.7734375 -0.140625 -0.125 -0.828125 -0.0703125 -0.1328125 0.8828125 -0.0234375 -0.2109375 1.03906297683716 0 -0.3671875 -0.8828125 -0.0234375 -0.2109375 -1.03906297683716 0 -0.3671875 1.1875 0.09375 -0.4453125 -1.1875 0.09375 -0.4453125 1.234375 0.25 -0.4453125 -1.234375 0.25 -0.4453125 1.171875 0.359375 -0.4375 -1.171875 0.359375 -0.4375 1.02343797683716 0.34375 -0.359375 -1.02343797683716 0.34375 -0.359375 0.9453125 0.3046875 -0.2890625 -0.9453125 0.3046875 -0.2890625 0.71875 -0.0234375 -0.171875 0.7265625 0 -0.0703125 -0.71875 -0.0234375 -0.171875 -0.7265625 0 -0.0703125 0.59375 -0.125 -0.1640625 0.71875 -0.0234375 -0.171875 -0.59375 -0.125 -0.1640625 -0.71875 -0.0234375 -0.171875 0.8203125 0.328125 -0.203125 0.84375 0.2890625 -0.2109375 -0.84375 0.2890625 -0.2109375 -0.8203125 0.328125 -0.203125 0.8125 -0.015625 -0.2734375 -0.8125 -0.015625 -0.2734375 0.71875 0.0390625 -0.1875 0.84375 0.015625 -0.2734375 -0.71875 0.0390625 -0.1875 -0.84375 0.015625 -0.2734375 0.8203125 0.0859375 -0.2734375 0.7578125 0.09375 -0.2734375 -0.8203125 0.0859375 -0.2734375 -0.7578125 0.09375 -0.2734375 0.796875 0.203125 -0.2109375 0.8359375 0.171875 -0.2734375 -0.796875 0.203125 -0.2109375 -0.8359375 0.171875 -0.2734375 0.890625 0.2421875 -0.265625 -0.890625 0.2421875 -0.265625 0.796875 0.203125 -0.2109375 0.84375 0.2890625 -0.2109375 -0.84375 0.2890625 -0.2109375 -0.796875 0.203125 -0.2109375 0.71875 0.0390625 -0.1875 -0.71875 0.0390625 -0.1875 0.890625 0.234375 -0.3203125 0.953125 0.2890625 -0.34375 -0.953125 0.2890625 -0.34375 -0.890625 0.234375 -0.3203125 0.84375 0.171875 -0.3203125 -0.84375 0.171875 -0.3203125 0.765625 0.09375 -0.3203125 -0.765625 0.09375 -0.3203125 0.828125 0.078125 -0.3203125 -0.828125 0.078125 -0.3203125 0.8515625 0.015625 -0.3203125 -0.8515625 0.015625 -0.3203125 0.8125 -0.015625 -0.3203125 -0.8125 -0.015625 -0.3203125 0.8828125 -0.015625 -0.265625 -0.8828125 -0.015625 -0.265625 1.03906297683716 0.328125 -0.4140625 -1.03906297683716 0.328125 -0.4140625 1.1875 0.34375 -0.484375 -1.1875 0.34375 -0.484375 1.25781297683716 0.2421875 -0.4921875 -1.25781297683716 0.2421875 -0.4921875 1.21093797683716 0.0859375 -0.484375 -1.21093797683716 0.0859375 -0.484375 1.046875 0 -0.421875 -1.046875 0 -0.421875 0.9375 0.0625 -0.3359375 0.890625 0.109375 -0.328125 -0.9375 0.0625 -0.3359375 -0.890625 0.109375 -0.328125 1 0.125 -0.3671875 0.9609375 0.171875 -0.3515625 -1 0.125 -0.3671875 -0.9609375 0.171875 -0.3515625 1.05468797683716 0.1875 -0.3828125 1.015625 0.234375 -0.375 -1.05468797683716 0.1875 -0.3828125 -1.015625 0.234375 -0.375 1.109375 0.2109375 -0.390625 1.08593797683716 0.2734375 -0.390625 -1.109375 0.2109375 -0.390625 -1.08593797683716 0.2734375 -0.390625 0.7890625 -0.125 -0.328125 1.03906297683716 -0.0859375 -0.4921875 -0.7890625 -0.125 -0.328125 -1.03906297683716 -0.0859375 -0.4921875 1.3125 0.0546875 -0.53125 -1.3125 0.0546875 -0.53125 1.36718797683716 0.296875 -0.5 -1.36718797683716 0.296875 -0.5 1.25 0.46875 -0.546875 1.234375 0.5078125 -0.421875 -1.25 0.46875 -0.546875 -1.234375 0.5078125 -0.421875 1.02343797683716 0.4375 -0.484375 1.02343797683716 0.4765625 -0.3125 -1.02343797683716 0.4765625 -0.3125 -1.02343797683716 0.4375 -0.484375 0.859375 0.3828125 -0.3828125 0.890625 0.40625 -0.234375 -0.890625 0.40625 -0.234375 -0.859375 0.3828125 -0.3828125 0.859375 0.3828125 -0.3828125 0.890625 0.40625 -0.234375 -0.8203125 0.328125 -0.203125 -0.7734375 0.265625 -0.4375 0.640625 -0.0078125 -0.4296875 0.7734375 0.265625 -0.4375 -0.640625 -0.0078125 -0.4296875" />
				</IndexedTriangleSet>
			</Shape>
		</Transform>
		<Transform DEF="Suzanne-002"
			scale="0.486531585454941 0.486531585454941 0.486531585454941"
			translation="1.40857195854187 0.578555881977081 -1.61203801631927">
			<Shape USE="Suzanne-001_1" />
		</Transform>
		<Transform DEF="Suzanne-003"
			scale="0.486531585454941 0.486531585454941 0.486531585454941"
			translation="-1.22663199901581 0.578555881977081 1.38979804515839">
			<Shape USE="Suzanne-001_1" />
		</Transform>
		<Transform DEF="Suzanne-004"
			scale="0.486531585454941 0.486531585454941 0.486531585454941"
			translation="1.40857195854187 0.578555881977081 1.38979804515839">
			<Shape USE="Suzanne-001_1" />
		</Transform>
		<PointLight DEF="Point"
			global="true"
			radius="-1"
			location="0.00999999977648258 3.10352492332459 0"
			intensity="10" />
	</Group>
	<Group DEF="Lights"
		visible="false">
		<SpotLight USE="Spot" />
		<PointLight USE="Point" />
	</Group>
	<Group DEF="Animations"
		visible="false">
		<Group DEF="rotate-everything">
			<TimeSensor DEF="Timer1"
				description="rotate everything"
				cycleInterval="3.33333325386047" />
			<PositionInterpolator DEF="TranslationInterpolator"
				key="0 0.0125000001862645 0.025000000372529 0.0375000014901161 0.0500000007450581 0.0625 0.0750000029802322 0.0874999985098839 0.100000001490116 0.112499997019768 0.125 0.137500002980232 0.150000005960464 0.162499994039536 0.174999997019768 0.1875 0.200000002980232 0.212500005960464 0.224999994039536 0.237499997019768 0.25 0.262499988079071 0.275000005960464 0.287499994039536 0.300000011920929 0.3125 0.324999988079071 0.337500005960464 0.349999994039536 0.362500011920929 0.375 0.387499988079071 0.400000005960464 0.412499994039536 0.425000011920929 0.4375 0.449999988079071 0.462500005960464 0.474999994039536 0.487500011920929 0.5 0.512499988079071 0.524999976158142 0.537500023841858 0.550000011920929 0.5625 0.574999988079071 0.587499976158142 0.600000023841858 0.612500011920929 0.625 0.637499988079071 0.649999976158142 0.662500023841858 0.675000011920929 0.68750011920929 0.699999988079071 0.712499976158142 0.725000023841858 0.737500011920929 0.75 0.762499988079071 0.774999976158142 0.787500023841858 0.800000071525574 0.8125 0.824999988079071 0.837499976158142 0.850000023841858 0.862500011920929 0.87500011920929 0.887499988079071 0.899999976158142 0.912500023841858 0.925000011920929 0.9375 0.949999988079071 0.962499976158142 0.975000023841858 0.987500071525574 1"
				keyValue="0 0 0 0 0 0 0 0 0 0 0 0 0 0 0 0 0 0 0 0 0 0 0 0 0 0 0 0 0 0 0 0 0 0 0 0 0 0 0 0 0 0 0 0 0 0 0 0 0 0 0 0 0 0 0 0 0 0 0 0 0 0 0 0 0 0 0 0 0 0 0 0 0 0 0 0 0 0 0 0 0 0 0 0 0 0 0 0 0 0 0 0 0 0 0 0 0 0 0 0 0 0 0 0 0 0 0 0 0 0 0 0 0 0 0 0 0 0 0 0 0 0 0 0 0 0 0 0 0 0 0 0 0 0 0 0 0 0 0 0 0 0 0 0 0 0 0 0 0 0 0 0 0 0 0 0 0 0 0 0 0 0 0 0 0 0 0 0 0 0 0 0 0 0 0 0 0 0 0 0 0 0 0 0 0 0 0 0 0 0 0 0 0 0 0 0 0 0 0 0 0 0 0 0 0 0 0 0 0 0 0 0 0 0 0 0 0 0 0 0 0 0 0 0 0 0 0 0 0 0 0 0 0 0 0 0 0 0 0 0 0 0 0" />
			<OrientationInterpolator DEF="RotationInterpolator"
				key="0 0.0125000001862645 0.025000000372529 0.0375000014901161 0.0500000007450581 0.0625 0.0750000029802322 0.0874999985098839 0.100000001490116 0.112499997019768 0.125 0.137500002980232 0.150000005960464 0.162499994039536 0.174999997019768 0.1875 0.200000002980232 0.212500005960464 0.224999994039536 0.237499997019768 0.25 0.262499988079071 0.275000005960464 0.287499994039536 0.300000011920929 0.3125 0.324999988079071 0.337500005960464 0.349999994039536 0.362500011920929 0.375 0.387499988079071 0.400000005960464 0.412499994039536 0.425000011920929 0.4375 0.449999988079071 0.462500005960464 0.474999994039536 0.487500011920929 0.5 0.512499988079071 0.524999976158142 0.537500023841858 0.550000011920929 0.5625 0.574999988079071 0.587499976158142 0.600000023841858 0.612500011920929 0.625 0.637499988079071 0.649999976158142 0.662500023841858 0.675000011920929 0.68750011920929 0.699999988079071 0.712499976158142 0.725000023841858 0.737500011920929 0.75 0.762499988079071 0.774999976158142 0.787500023841858 0.800000071525574 0.8125 0.824999988079071 0.837499976158142 0.850000023841858 0.862500011920929 0.87500011920929 0.887499988079071 0.899999976158142 0.912500023841858 0.925000011920929 0.9375 0.949999988079071 0.962499976158142 0.975000023841858 0.987500071525574 1"
				keyValue="0 0 1 0 0 1.00002443790436 0 0.0785379186272621 0 1.00001525878906 0 0.157077267765999 0 1 0 0.235619455575943 0 1.0000034570694 0 0.314158231019974 0 1.00000071525574 0 0.392698764801025 0 0.99999988079071 0 0.471239000558853 0 1.00000154972076 0 0.549777984619141 0 1.00000095367432 0 0.628318011760712 0 1 0 0.706858217716217 0 1.00000023841858 0 0.785398006439209 0 0.999999940395355 0 0.86393803358078 0 1.00000011920929 0 0.942477762699127 0 1 0 1.02101755142212 0 1.00000023841858 0 1.09955728054047 0 1 0 1.1780971288681 0 1.00000011920929 0 1.25663697719574 0 1 0 1.33517682552338 0 1 0 1.41371655464172 0 1.00000011920929 0 1.49225640296936 0 1.00000011920929 0 1.570796251297 0 1.00000011920929 0 1.64933609962463 0 1 0 1.72787582874298 0 1 0 1.80641555786133 0 1.00000011920929 0 1.88495540618896 0 1.00000011920929 0 1.96349537372589 0 1.00000011920929 0 2.04203510284424 0 1 0 2.12057518959045 0 1.00000011920929 0 2.19911479949951 0 1 0 2.27765464782715 0 1.00000011920929 0 2.35619473457336 0 1.00000011920929 0 2.43473434448242 0 1 0 2.51327419281006 0 1.00000011920929 0 2.5918140411377 0 1 0 2.67035365104675 0 1 0 2.74889349937439 0 1 0 2.82743334770203 0 1 0 2.90597343444824 0 1.00000011920929 0 2.98451352119446 0 0.999999940395355 0 3.06305384635925 0 1 0 3.14159250259399 0 -1 0 3.06305360794067 0 -1.00000011920929 0 2.98451328277588 0 -1 0 2.90597414970398 0 -1 0 2.82743382453918 0 -1 0 2.74889326095581 0 -1 0 2.67035365104675 0 -1 0 2.59181427955627 0 -1.00000011920929 0 2.51327419281006 0 -1 0 2.43473434448242 0 -1.00000011920929 0 2.35619473457336 0 -1 0 2.27765512466431 0 -1.00000011920929 0 2.19911503791809 0 -1.00000011920929 0 2.12057518959045 0 -1.00000011920929 0 2.04203534126282 0 -1 0 1.96349549293518 0 -1 0 1.88495588302612 0 -1 0 1.80641603469849 0 -1 0 1.72787594795227 0 -1.00000011920929 0 1.64933609962463 0 -0.999999940395355 0 1.57079648971558 0 -1.00000011920929 0 1.49225640296936 0 -1.00000011920929 0 1.41371655464172 0 -1 0 1.33517706394196 0 -1 0 1.25663685798645 0 -1 0 1.1780971288681 0 -1 0 1.09955728054047 0 -1 0 1.02101731300354 0 -1 0 0.942477524280548 0 -0.999999940395355 0 0.863937735557556 0 -1.00000023841858 0 0.785397708415985 0 -1.00000011920929 0 0.706858575344086 0 -0.999999940395355 0 0.628318786621094 0 -0.999999940395355 0 0.549778461456299 0 -0.99999988079071 0 0.471239000558853 0 -1.00000071525574 0 0.392698764801025 0 -1.00000333786011 0 0.314158231019974 0 -0.999999642372131 0 0.235619455575943 0 -1.00001442432404 0 0.157077267765999 0 -1.00002253055573 0 0.0785379186272621 0 0 1 0" />
		</Group>
	</Group>
	<ROUTE fromNode="Timer1" fromField="fraction_changed" toNode="TranslationInterpolator" toField="set_fraction" />
	<ROUTE fromNode="TranslationInterpolator" fromField="value_changed" toNode="Rotator" toField="set_translation" />
	<ROUTE fromNode="Timer1" fromField="fraction_changed" toNode="RotationInterpolator" toField="set_fraction" />
	<ROUTE fromNode="RotationInterpolator" fromField="value_changed" toNode="Rotator" toField="set_rotation" />
	<EXPORT localDEF="Spot" />
	<EXPORT localDEF="Point" />
	<EXPORT localDEF="rotate-everything" />
	<EXPORT localDEF="Timer1" />
	<EXPORT localDEF="Lights" />
	<EXPORT localDEF="Animations" />
</Scene>
</X3D>
